Target PDB,URL,Cluster ID,Cluster Ranking,HADDOCK score,Cluster size,RMSD from the overall lowest-energy structure,Van der Waals energy,Electrostatic energy,Desolvation energy,Restraints violation energy,Buried Surface Area,Z-Score,HADDOCK Result PDB Filename
MyoHead_60_L107T_S121E,https://rascar.science.uu.nl/haddock2.4/result/6886575225/386489-MyoHead_60_L107T_S121E,3,0,-95.5 +/- 7.1,22,2.7 +/- 0.7,-77.3 +/- 5.9,-206.9 +/- 32.0,4.5 +/- 4.3,187.1 +/- 47.4,2062.2 +/- 91.3,-1.9,/Users/yitongtseo/Documents/GitHub/ethical_necromancy/nanobody_llm_refinement/Haddock_results/MyoHead_60_L107T_S121E_cluster0.pdb
MyoHead_60_L107T_S121E,https://rascar.science.uu.nl/haddock2.4/result/6886575225/386489-MyoHead_60_L107T_S121E,5,1,-89.2 +/- 1.2,21,6.6 +/- 0.1,-86.8 +/- 6.0,-157.9 +/- 29.2,14.4 +/- 1.7,148.5 +/- 11.4,1979.4 +/- 50.3,-1.2,/Users/yitongtseo/Documents/GitHub/ethical_necromancy/nanobody_llm_refinement/Haddock_results/MyoHead_60_L107T_S121E_cluster1.pdb
MyoHead_60_L107T_S121E,https://rascar.science.uu.nl/haddock2.4/result/6886575225/386489-MyoHead_60_L107T_S121E,2,2,-85.2 +/- 6.0,22,4.6 +/- 0.2,-69.1 +/- 5.8,-238.2 +/- 43.0,15.7 +/- 5.3,158.3 +/- 43.3,1970.6 +/- 34.6,-0.7,/Users/yitongtseo/Documents/GitHub/ethical_necromancy/nanobody_llm_refinement/Haddock_results/MyoHead_60_L107T_S121E_cluster2.pdb
MyoHead_60_L107T_S121E,https://rascar.science.uu.nl/haddock2.4/result/6886575225/386489-MyoHead_60_L107T_S121E,12,3,-82.3 +/- 8.9,4,6.9 +/- 0.1,-83.8 +/- 2.7,-133.1 +/- 23.7,11.2 +/- 3.3,169.4 +/- 26.8,2166.7 +/- 41.9,-0.4,/Users/yitongtseo/Documents/GitHub/ethical_necromancy/nanobody_llm_refinement/Haddock_results/MyoHead_60_L107T_S121E_cluster3.pdb
MyoHead_60_L107T_S121E,https://rascar.science.uu.nl/haddock2.4/result/6886575225/386489-MyoHead_60_L107T_S121E,7,4,-77.3 +/- 3.6,14,8.9 +/- 0.2,-73.8 +/- 3.1,-172.5 +/- 28.1,8.1 +/- 5.1,228.0 +/- 60.4,2001.6 +/- 16.5,0.1,/Users/yitongtseo/Documents/GitHub/ethical_necromancy/nanobody_llm_refinement/Haddock_results/MyoHead_60_L107T_S121E_cluster4.pdb
MyoHead_60_L107T_S121E,https://rascar.science.uu.nl/haddock2.4/result/6886575225/386489-MyoHead_60_L107T_S121E,6,5,-77.0 +/- 4.6,20,8.5 +/- 0.0,-79.2 +/- 3.8,-179.1 +/- 12.6,11.8 +/- 2.5,262.6 +/- 35.6,1839.4 +/- 70.0,0.2,/Users/yitongtseo/Documents/GitHub/ethical_necromancy/nanobody_llm_refinement/Haddock_results/MyoHead_60_L107T_S121E_cluster5.pdb
MyoHead_60_T116G_G99Q,https://rascar.science.uu.nl/haddock2.4/result/6886575225/386490-MyoHead_60_T116G_G99Q,5,0,-97.3 +/- 7.9,14,0.6 +/- 0.4,-87.2 +/- 6.7,-228.3 +/- 57.7,17.0 +/- 1.2,186.2 +/- 47.3,2199.9 +/- 140.1,-1.6,/Users/yitongtseo/Documents/GitHub/ethical_necromancy/nanobody_llm_refinement/Haddock_results/MyoHead_60_T116G_G99Q_cluster0.pdb
MyoHead_60_T116G_G99Q,https://rascar.science.uu.nl/haddock2.4/result/6886575225/386490-MyoHead_60_T116G_G99Q,6,1,-94.1 +/- 5.4,9,6.1 +/- 0.1,-84.5 +/- 4.8,-182.8 +/- 53.9,8.6 +/- 2.7,183.1 +/- 31.0,2211.1 +/- 58.2,-1.3,/Users/yitongtseo/Documents/GitHub/ethical_necromancy/nanobody_llm_refinement/Haddock_results/MyoHead_60_T116G_G99Q_cluster1.pdb
MyoHead_60_T116G_G99Q,https://rascar.science.uu.nl/haddock2.4/result/6886575225/386490-MyoHead_60_T116G_G99Q,1,2,-91.7 +/- 4.9,45,8.9 +/- 0.0,-85.5 +/- 1.6,-214.6 +/- 19.0,18.9 +/- 1.3,178.4 +/- 33.2,2037.9 +/- 63.0,-1.1,/Users/yitongtseo/Documents/GitHub/ethical_necromancy/nanobody_llm_refinement/Haddock_results/MyoHead_60_T116G_G99Q_cluster2.pdb
MyoHead_60_T116G_G99Q,https://rascar.science.uu.nl/haddock2.4/result/6886575225/386490-MyoHead_60_T116G_G99Q,3,3,-82.6 +/- 5.0,27,9.3 +/- 0.3,-83.7 +/- 3.2,-144.2 +/- 21.0,15.2 +/- 2.4,147.9 +/- 26.8,2007.5 +/- 90.9,-0.5,/Users/yitongtseo/Documents/GitHub/ethical_necromancy/nanobody_llm_refinement/Haddock_results/MyoHead_60_T116G_G99Q_cluster3.pdb
MyoHead_60_T116G_G99Q,https://rascar.science.uu.nl/haddock2.4/result/6886575225/386490-MyoHead_60_T116G_G99Q,2,4,-74.4 +/- 2.9,31,8.8 +/- 0.1,-66.6 +/- 3.9,-195.7 +/- 18.0,11.7 +/- 3.2,197.1 +/- 40.8,1825.3 +/- 50.8,0.1,/Users/yitongtseo/Documents/GitHub/ethical_necromancy/nanobody_llm_refinement/Haddock_results/MyoHead_60_T116G_G99Q_cluster4.pdb
MyoHead_60_T116G_G99Q,https://rascar.science.uu.nl/haddock2.4/result/6886575225/386490-MyoHead_60_T116G_G99Q,9,5,-68.4 +/- 5.6,5,8.1 +/- 0.2,-64.4 +/- 4.7,-148.0 +/- 14.3,12.8 +/- 2.0,128.0 +/- 28.2,1747.3 +/- 129.5,0.6,/Users/yitongtseo/Documents/GitHub/ethical_necromancy/nanobody_llm_refinement/Haddock_results/MyoHead_60_T116G_G99Q_cluster5.pdb
MyoHead_60_L107T_S121E,https://rascar.science.uu.nl/haddock2.4/result/6886575225/386493-MyoHead_60_L107T_S121E,3,0,-95.5 +/- 7.1,22,2.7 +/- 0.7,-77.3 +/- 5.9,-206.9 +/- 32.0,4.5 +/- 4.3,187.1 +/- 47.4,2062.2 +/- 91.3,-1.9,/Users/yitongtseo/Documents/GitHub/ethical_necromancy/nanobody_llm_refinement/Haddock_results/MyoHead_60_L107T_S121E_cluster0.pdb
MyoHead_60_L107T_S121E,https://rascar.science.uu.nl/haddock2.4/result/6886575225/386493-MyoHead_60_L107T_S121E,5,1,-89.2 +/- 1.2,21,6.6 +/- 0.1,-86.8 +/- 6.0,-157.9 +/- 29.2,14.4 +/- 1.7,148.5 +/- 11.4,1979.4 +/- 50.3,-1.2,/Users/yitongtseo/Documents/GitHub/ethical_necromancy/nanobody_llm_refinement/Haddock_results/MyoHead_60_L107T_S121E_cluster1.pdb
MyoHead_60_L107T_S121E,https://rascar.science.uu.nl/haddock2.4/result/6886575225/386493-MyoHead_60_L107T_S121E,2,2,-85.2 +/- 6.0,22,4.6 +/- 0.2,-69.1 +/- 5.8,-238.2 +/- 43.0,15.7 +/- 5.3,158.3 +/- 43.3,1970.6 +/- 34.6,-0.7,/Users/yitongtseo/Documents/GitHub/ethical_necromancy/nanobody_llm_refinement/Haddock_results/MyoHead_60_L107T_S121E_cluster2.pdb
MyoHead_60_L107T_S121E,https://rascar.science.uu.nl/haddock2.4/result/6886575225/386493-MyoHead_60_L107T_S121E,12,3,-82.3 +/- 8.9,4,6.9 +/- 0.1,-83.8 +/- 2.7,-133.1 +/- 23.7,11.2 +/- 3.3,169.4 +/- 26.8,2166.7 +/- 41.9,-0.4,/Users/yitongtseo/Documents/GitHub/ethical_necromancy/nanobody_llm_refinement/Haddock_results/MyoHead_60_L107T_S121E_cluster3.pdb
MyoHead_60_L107T_S121E,https://rascar.science.uu.nl/haddock2.4/result/6886575225/386493-MyoHead_60_L107T_S121E,7,4,-77.3 +/- 3.6,14,8.9 +/- 0.2,-73.8 +/- 3.1,-172.5 +/- 28.1,8.1 +/- 5.1,228.0 +/- 60.4,2001.6 +/- 16.5,0.1,/Users/yitongtseo/Documents/GitHub/ethical_necromancy/nanobody_llm_refinement/Haddock_results/MyoHead_60_L107T_S121E_cluster4.pdb
MyoHead_60_L107T_S121E,https://rascar.science.uu.nl/haddock2.4/result/6886575225/386493-MyoHead_60_L107T_S121E,6,5,-77.0 +/- 4.6,20,8.5 +/- 0.0,-79.2 +/- 3.8,-179.1 +/- 12.6,11.8 +/- 2.5,262.6 +/- 35.6,1839.4 +/- 70.0,0.2,/Users/yitongtseo/Documents/GitHub/ethical_necromancy/nanobody_llm_refinement/Haddock_results/MyoHead_60_L107T_S121E_cluster5.pdb
MyoHead_60_T116G_G99Q,https://rascar.science.uu.nl/haddock2.4/result/6886575225/386494-MyoHead_60_T116G_G99Q,1,0,-89.9 +/- 0.9,97,8.8 +/- 0.1,-82.6 +/- 2.3,-182.7 +/- 30.2,13.9 +/- 2.4,153.2 +/- 41.4,2000.7 +/- 43.0,-1.5,/Users/yitongtseo/Documents/GitHub/ethical_necromancy/nanobody_llm_refinement/Haddock_results/MyoHead_60_T116G_G99Q_cluster0.pdb
MyoHead_60_T116G_G99Q,https://rascar.science.uu.nl/haddock2.4/result/6886575225/386494-MyoHead_60_T116G_G99Q,2,1,-86.9 +/- 4.2,35,7.7 +/- 0.1,-89.9 +/- 3.9,-172.3 +/- 24.1,19.4 +/- 2.0,180.8 +/- 27.1,2147.7 +/- 84.9,-1.2,/Users/yitongtseo/Documents/GitHub/ethical_necromancy/nanobody_llm_refinement/Haddock_results/MyoHead_60_T116G_G99Q_cluster1.pdb
MyoHead_60_T116G_G99Q,https://rascar.science.uu.nl/haddock2.4/result/6886575225/386494-MyoHead_60_T116G_G99Q,6,2,-67.5 +/- 7.0,6,9.6 +/- 0.1,-71.1 +/- 5.8,-100.7 +/- 33.5,4.8 +/- 2.5,189.6 +/- 22.7,1808.3 +/- 77.0,0.4,/Users/yitongtseo/Documents/GitHub/ethical_necromancy/nanobody_llm_refinement/Haddock_results/MyoHead_60_T116G_G99Q_cluster2.pdb
MyoHead_60_T116G_G99Q,https://rascar.science.uu.nl/haddock2.4/result/6886575225/386494-MyoHead_60_T116G_G99Q,5,3,-66.8 +/- 6.9,7,5.3 +/- 0.6,-65.8 +/- 4.1,-133.5 +/- 26.4,11.0 +/- 2.8,147.7 +/- 44.1,1850.8 +/- 34.1,0.4,/Users/yitongtseo/Documents/GitHub/ethical_necromancy/nanobody_llm_refinement/Haddock_results/MyoHead_60_T116G_G99Q_cluster3.pdb
MyoHead_60_T116G_G99Q,https://rascar.science.uu.nl/haddock2.4/result/6886575225/386494-MyoHead_60_T116G_G99Q,3,4,-65.7 +/- 3.1,21,8.6 +/- 0.2,-67.1 +/- 7.4,-167.5 +/- 36.3,14.4 +/- 4.3,205.2 +/- 21.5,1771.5 +/- 23.6,0.5,/Users/yitongtseo/Documents/GitHub/ethical_necromancy/nanobody_llm_refinement/Haddock_results/MyoHead_60_T116G_G99Q_cluster4.pdb
MyoHead_60_T116G_G99Q,https://rascar.science.uu.nl/haddock2.4/result/6886575225/386494-MyoHead_60_T116G_G99Q,4,5,-55.8 +/- 1.2,7,4.3 +/- 0.7,-63.6 +/- 7.2,-122.0 +/- 43.2,11.3 +/- 1.6,209.4 +/- 44.1,1811.3 +/- 54.2,1.3,/Users/yitongtseo/Documents/GitHub/ethical_necromancy/nanobody_llm_refinement/Haddock_results/MyoHead_60_T116G_G99Q_cluster5.pdb
MyoHead_60_T116G_V117Y,https://rascar.science.uu.nl/haddock2.4/result/6886575225/386495-MyoHead_60_T116G_V117Y,3,0,-93.9 +/- 4.6,22,0.6 +/- 0.4,-88.1 +/- 5.9,-168.0 +/- 15.2,6.4 +/- 4.4,214.1 +/- 61.5,2199.5 +/- 112.2,-1.7,/Users/yitongtseo/Documents/GitHub/ethical_necromancy/nanobody_llm_refinement/Haddock_results/MyoHead_60_T116G_V117Y_cluster0.pdb
MyoHead_60_T116G_V117Y,https://rascar.science.uu.nl/haddock2.4/result/6886575225/386495-MyoHead_60_T116G_V117Y,7,1,-88.8 +/- 5.0,12,8.5 +/- 0.0,-84.4 +/- 3.3,-223.1 +/- 22.9,15.8 +/- 2.5,244.8 +/- 33.7,1915.1 +/- 34.6,-1.2,/Users/yitongtseo/Documents/GitHub/ethical_necromancy/nanobody_llm_refinement/Haddock_results/MyoHead_60_T116G_V117Y_cluster1.pdb
MyoHead_60_T116G_V117Y,https://rascar.science.uu.nl/haddock2.4/result/6886575225/386495-MyoHead_60_T116G_V117Y,5,2,-85.3 +/- 1.4,15,6.1 +/- 0.2,-80.2 +/- 3.3,-195.5 +/- 35.1,18.3 +/- 2.7,157.1 +/- 24.1,1945.9 +/- 30.9,-0.8,/Users/yitongtseo/Documents/GitHub/ethical_necromancy/nanobody_llm_refinement/Haddock_results/MyoHead_60_T116G_V117Y_cluster2.pdb
MyoHead_60_T116G_V117Y,https://rascar.science.uu.nl/haddock2.4/result/6886575225/386495-MyoHead_60_T116G_V117Y,2,3,-82.6 +/- 6.5,24,9.8 +/- 0.1,-72.0 +/- 1.5,-206.7 +/- 12.5,8.8 +/- 2.6,219.2 +/- 24.3,1816.7 +/- 59.1,-0.5,/Users/yitongtseo/Documents/GitHub/ethical_necromancy/nanobody_llm_refinement/Haddock_results/MyoHead_60_T116G_V117Y_cluster3.pdb
MyoHead_60_T116G_V117Y,https://rascar.science.uu.nl/haddock2.4/result/6886575225/386495-MyoHead_60_T116G_V117Y,4,4,-79.9 +/- 3.4,20,7.3 +/- 0.2,-81.1 +/- 5.0,-157.6 +/- 20.0,12.5 +/- 3.2,203.1 +/- 6.5,1994.8 +/- 67.3,-0.2,/Users/yitongtseo/Documents/GitHub/ethical_necromancy/nanobody_llm_refinement/Haddock_results/MyoHead_60_T116G_V117Y_cluster4.pdb
MyoHead_60_T116G_V117Y,https://rascar.science.uu.nl/haddock2.4/result/6886575225/386495-MyoHead_60_T116G_V117Y,11,5,-71.9 +/- 17.6,5,5.5 +/- 0.5,-72.0 +/- 9.8,-185.8 +/- 56.9,17.9 +/- 6.1,192.6 +/- 51.9,1767.1 +/- 57.4,0.6,/Users/yitongtseo/Documents/GitHub/ethical_necromancy/nanobody_llm_refinement/Haddock_results/MyoHead_60_T116G_V117Y_cluster5.pdb
MyoHead_60_T116G_None,https://rascar.science.uu.nl/haddock2.4/result/6886575225/386496-MyoHead_60_T116G_None,1,0,-110.8 +/- 2.3,112,0.3 +/- 0.2,-100.8 +/- 4.7,-241.2 +/- 38.2,19.4 +/- 4.4,188.3 +/- 33.1,2189.5 +/- 37.2,-1.4,/Users/yitongtseo/Documents/GitHub/ethical_necromancy/nanobody_llm_refinement/Haddock_results/MyoHead_60_T116G_None_cluster0.pdb
MyoHead_60_T116G_None,https://rascar.science.uu.nl/haddock2.4/result/6886575225/386496-MyoHead_60_T116G_None,4,1,-101.9 +/- 2.9,8,3.1 +/- 0.1,-94.0 +/- 1.5,-241.7 +/- 19.1,16.0 +/- 0.9,243.8 +/- 26.0,2248.9 +/- 35.8,-1.0,/Users/yitongtseo/Documents/GitHub/ethical_necromancy/nanobody_llm_refinement/Haddock_results/MyoHead_60_T116G_None_cluster1.pdb
MyoHead_60_T116G_None,https://rascar.science.uu.nl/haddock2.4/result/6886575225/386496-MyoHead_60_T116G_None,2,2,-92.3 +/- 6.6,22,7.5 +/- 0.4,-79.4 +/- 1.1,-256.0 +/- 34.4,19.2 +/- 1.6,191.6 +/- 20.6,2030.8 +/- 56.5,-0.5,/Users/yitongtseo/Documents/GitHub/ethical_necromancy/nanobody_llm_refinement/Haddock_results/MyoHead_60_T116G_None_cluster2.pdb
MyoHead_60_T116G_None,https://rascar.science.uu.nl/haddock2.4/result/6886575225/386496-MyoHead_60_T116G_None,3,3,-87.0 +/- 5.3,12,8.5 +/- 0.1,-76.5 +/- 5.2,-250.1 +/- 25.2,19.7 +/- 1.5,198.4 +/- 46.2,2122.0 +/- 104.6,-0.2,/Users/yitongtseo/Documents/GitHub/ethical_necromancy/nanobody_llm_refinement/Haddock_results/MyoHead_60_T116G_None_cluster3.pdb
MyoHead_60_T116G_None,https://rascar.science.uu.nl/haddock2.4/result/6886575225/386496-MyoHead_60_T116G_None,6,4,-74.2 +/- 5.2,5,4.5 +/- 0.2,-76.6 +/- 8.2,-222.6 +/- 24.9,22.8 +/- 2.9,241.7 +/- 47.0,1829.9 +/- 70.4,0.5,/Users/yitongtseo/Documents/GitHub/ethical_necromancy/nanobody_llm_refinement/Haddock_results/MyoHead_60_T116G_None_cluster4.pdb
MyoHead_60_T116G_None,https://rascar.science.uu.nl/haddock2.4/result/6886575225/386496-MyoHead_60_T116G_None,5,5,-59.4 +/- 7.2,5,7.2 +/- 0.1,-67.3 +/- 4.9,-178.2 +/- 22.5,19.6 +/- 4.5,239.6 +/- 36.9,1743.3 +/- 86.2,1.2,/Users/yitongtseo/Documents/GitHub/ethical_necromancy/nanobody_llm_refinement/Haddock_results/MyoHead_60_T116G_None_cluster5.pdb
MyoHead_60_T116G_S121E,https://rascar.science.uu.nl/haddock2.4/result/6886575225/386497-MyoHead_60_T116G_S121E,4,0,-104.0 +/- 4.7,19,8.6 +/- 0.0,-87.4 +/- 5.1,-254.7 +/- 42.4,21.0 +/- 1.7,134.3 +/- 39.5,1972.1 +/- 51.1,-1.7,/Users/yitongtseo/Documents/GitHub/ethical_necromancy/nanobody_llm_refinement/Haddock_results/MyoHead_60_T116G_S121E_cluster0.pdb
MyoHead_60_T116G_S121E,https://rascar.science.uu.nl/haddock2.4/result/6886575225/386497-MyoHead_60_T116G_S121E,1,1,-93.8 +/- 2.6,35,8.9 +/- 0.0,-78.8 +/- 8.4,-261.4 +/- 26.2,17.1 +/- 2.7,201.9 +/- 51.7,1883.5 +/- 41.0,-1.0,/Users/yitongtseo/Documents/GitHub/ethical_necromancy/nanobody_llm_refinement/Haddock_results/MyoHead_60_T116G_S121E_cluster1.pdb
MyoHead_60_T116G_S121E,https://rascar.science.uu.nl/haddock2.4/result/6886575225/386497-MyoHead_60_T116G_S121E,5,2,-93.5 +/- 5.1,18,4.5 +/- 0.1,-79.6 +/- 5.3,-210.1 +/- 23.6,9.5 +/- 5.0,186.2 +/- 43.3,2061.6 +/- 71.8,-0.9,/Users/yitongtseo/Documents/GitHub/ethical_necromancy/nanobody_llm_refinement/Haddock_results/MyoHead_60_T116G_S121E_cluster2.pdb
MyoHead_60_T116G_S121E,https://rascar.science.uu.nl/haddock2.4/result/6886575225/386497-MyoHead_60_T116G_S121E,3,3,-88.1 +/- 1.7,19,8.6 +/- 0.1,-76.1 +/- 1.2,-230.2 +/- 21.4,14.0 +/- 3.6,200.6 +/- 22.8,1958.2 +/- 126.3,-0.5,/Users/yitongtseo/Documents/GitHub/ethical_necromancy/nanobody_llm_refinement/Haddock_results/MyoHead_60_T116G_S121E_cluster3.pdb
MyoHead_60_T116G_S121E,https://rascar.science.uu.nl/haddock2.4/result/6886575225/386497-MyoHead_60_T116G_S121E,2,4,-82.1 +/- 8.9,30,5.0 +/- 0.2,-75.3 +/- 3.5,-214.0 +/- 34.3,13.7 +/- 2.4,223.5 +/- 25.0,1853.6 +/- 63.1,-0.1,/Users/yitongtseo/Documents/GitHub/ethical_necromancy/nanobody_llm_refinement/Haddock_results/MyoHead_60_T116G_S121E_cluster4.pdb
MyoHead_60_T116G_S121E,https://rascar.science.uu.nl/haddock2.4/result/6886575225/386497-MyoHead_60_T116G_S121E,10,5,-77.1 +/- 9.7,5,5.2 +/- 0.2,-87.0 +/- 8.0,-117.2 +/- 33.7,16.6 +/- 2.4,166.9 +/- 21.2,2153.4 +/- 88.9,0.3,/Users/yitongtseo/Documents/GitHub/ethical_necromancy/nanobody_llm_refinement/Haddock_results/MyoHead_60_T116G_S121E_cluster5.pdb
MyoHead_60_S121E_None,https://rascar.science.uu.nl/haddock2.4/result/6886575225/386498-MyoHead_60_S121E_None,5,0,-100.8 +/- 4.1,10,10.7 +/- 0.2,-100.6 +/- 6.6,-192.6 +/- 44.8,-6.0 +/- 4.9,442.6 +/- 126.9,2506.8 +/- 108.2,-1.6,/Users/yitongtseo/Documents/GitHub/ethical_necromancy/nanobody_llm_refinement/Haddock_results/MyoHead_60_S121E_None_cluster0.pdb
MyoHead_60_S121E_None,https://rascar.science.uu.nl/haddock2.4/result/6886575225/386498-MyoHead_60_S121E_None,1,1,-96.2 +/- 7.7,26,6.8 +/- 0.1,-88.0 +/- 8.3,-199.8 +/- 30.4,0.7 +/- 4.8,309.7 +/- 39.4,2301.9 +/- 108.8,-1.2,/Users/yitongtseo/Documents/GitHub/ethical_necromancy/nanobody_llm_refinement/Haddock_results/MyoHead_60_S121E_None_cluster1.pdb
MyoHead_60_S121E_None,https://rascar.science.uu.nl/haddock2.4/result/6886575225/386498-MyoHead_60_S121E_None,8,2,-93.4 +/- 10.8,7,11.8 +/- 0.0,-103.7 +/- 3.1,-127.4 +/- 39.2,-2.4 +/- 0.6,381.4 +/- 89.5,2585.9 +/- 44.9,-0.9,/Users/yitongtseo/Documents/GitHub/ethical_necromancy/nanobody_llm_refinement/Haddock_results/MyoHead_60_S121E_None_cluster2.pdb
MyoHead_60_S121E_None,https://rascar.science.uu.nl/haddock2.4/result/6886575225/386498-MyoHead_60_S121E_None,11,3,-88.3 +/- 10.2,5,11.6 +/- 0.0,-100.2 +/- 5.0,-246.7 +/- 19.1,14.5 +/- 4.7,468.1 +/- 68.9,2398.0 +/- 76.5,-0.4,/Users/yitongtseo/Documents/GitHub/ethical_necromancy/nanobody_llm_refinement/Haddock_results/MyoHead_60_S121E_None_cluster3.pdb
MyoHead_60_S121E_None,https://rascar.science.uu.nl/haddock2.4/result/6886575225/386498-MyoHead_60_S121E_None,10,4,-87.5 +/- 3.9,5,8.0 +/- 0.1,-91.0 +/- 8.6,-106.9 +/- 25.0,-14.3 +/- 3.1,391.6 +/- 45.4,2308.6 +/- 106.9,-0.4,/Users/yitongtseo/Documents/GitHub/ethical_necromancy/nanobody_llm_refinement/Haddock_results/MyoHead_60_S121E_None_cluster4.pdb
MyoHead_60_S121E_None,https://rascar.science.uu.nl/haddock2.4/result/6886575225/386498-MyoHead_60_S121E_None,3,5,-83.5 +/- 7.2,15,9.0 +/- 0.0,-84.0 +/- 3.3,-259.3 +/- 46.9,1.9 +/- 3.5,505.1 +/- 59.5,2270.6 +/- 98.1,0.0,/Users/yitongtseo/Documents/GitHub/ethical_necromancy/nanobody_llm_refinement/Haddock_results/MyoHead_60_S121E_None_cluster5.pdb
MyoHead_60_L107T_V117Y,https://rascar.science.uu.nl/haddock2.4/result/6886575225/386499-MyoHead_60_L107T_V117Y,1,0,-114.4 +/- 1.8,69,9.5 +/- 0.1,-101.4 +/- 7.5,-202.8 +/- 21.4,11.7 +/- 3.9,158.6 +/- 27.9,2253.5 +/- 111.3,-1.5,/Users/yitongtseo/Documents/GitHub/ethical_necromancy/nanobody_llm_refinement/Haddock_results/MyoHead_60_L107T_V117Y_cluster0.pdb
MyoHead_60_L107T_V117Y,https://rascar.science.uu.nl/haddock2.4/result/6886575225/386499-MyoHead_60_L107T_V117Y,4,1,-110.7 +/- 5.4,15,0.3 +/- 0.2,-91.4 +/- 7.2,-229.4 +/- 27.5,14.0 +/- 3.3,126.0 +/- 22.6,2082.1 +/- 31.6,-1.2,/Users/yitongtseo/Documents/GitHub/ethical_necromancy/nanobody_llm_refinement/Haddock_results/MyoHead_60_L107T_V117Y_cluster1.pdb
MyoHead_60_L107T_V117Y,https://rascar.science.uu.nl/haddock2.4/result/6886575225/386499-MyoHead_60_L107T_V117Y,7,2,-104.8 +/- 7.4,11,7.5 +/- 0.2,-94.9 +/- 5.2,-191.5 +/- 9.4,8.0 +/- 3.8,204.4 +/- 30.6,2360.5 +/- 65.5,-0.8,/Users/yitongtseo/Documents/GitHub/ethical_necromancy/nanobody_llm_refinement/Haddock_results/MyoHead_60_L107T_V117Y_cluster2.pdb
MyoHead_60_L107T_V117Y,https://rascar.science.uu.nl/haddock2.4/result/6886575225/386499-MyoHead_60_L107T_V117Y,8,3,-94.1 +/- 4.8,6,3.0 +/- 0.2,-84.1 +/- 2.0,-176.3 +/- 16.4,9.8 +/- 1.8,155.0 +/- 26.3,1966.0 +/- 19.4,-0.1,/Users/yitongtseo/Documents/GitHub/ethical_necromancy/nanobody_llm_refinement/Haddock_results/MyoHead_60_L107T_V117Y_cluster3.pdb
MyoHead_60_L107T_V117Y,https://rascar.science.uu.nl/haddock2.4/result/6886575225/386499-MyoHead_60_L107T_V117Y,5,4,-92.9 +/- 7.6,14,8.9 +/- 0.1,-82.3 +/- 3.0,-165.9 +/- 21.3,3.5 +/- 5.9,191.6 +/- 22.6,2160.0 +/- 83.7,-0.0,/Users/yitongtseo/Documents/GitHub/ethical_necromancy/nanobody_llm_refinement/Haddock_results/MyoHead_60_L107T_V117Y_cluster4.pdb
MyoHead_60_L107T_V117Y,https://rascar.science.uu.nl/haddock2.4/result/6886575225/386499-MyoHead_60_L107T_V117Y,3,5,-89.1 +/- 5.2,22,3.4 +/- 0.1,-94.6 +/- 4.2,-127.3 +/- 26.5,13.7 +/- 1.6,173.1 +/- 23.9,2063.2 +/- 57.3,0.3,/Users/yitongtseo/Documents/GitHub/ethical_necromancy/nanobody_llm_refinement/Haddock_results/MyoHead_60_L107T_V117Y_cluster5.pdb
MyoHead_60_T116G_L107T,https://rascar.science.uu.nl/haddock2.4/result/6886575225/386500-MyoHead_60_T116G_L107T,1,0,-99.3 +/- 3.4,53,0.5 +/- 0.3,-92.0 +/- 4.7,-211.7 +/- 12.6,16.7 +/- 2.2,183.7 +/- 43.8,2014.4 +/- 23.9,-1.3,/Users/yitongtseo/Documents/GitHub/ethical_necromancy/nanobody_llm_refinement/Haddock_results/MyoHead_60_T116G_L107T_cluster0.pdb
MyoHead_60_T116G_L107T,https://rascar.science.uu.nl/haddock2.4/result/6886575225/386500-MyoHead_60_T116G_L107T,5,1,-90.4 +/- 8.1,8,0.8 +/- 0.2,-82.1 +/- 3.6,-173.6 +/- 36.6,13.0 +/- 2.9,134.0 +/- 56.5,1955.9 +/- 36.5,-0.8,/Users/yitongtseo/Documents/GitHub/ethical_necromancy/nanobody_llm_refinement/Haddock_results/MyoHead_60_T116G_L107T_cluster1.pdb
MyoHead_60_T116G_L107T,https://rascar.science.uu.nl/haddock2.4/result/6886575225/386500-MyoHead_60_T116G_L107T,3,2,-83.6 +/- 1.4,38,2.7 +/- 0.3,-81.5 +/- 10.4,-194.5 +/- 45.3,15.3 +/- 2.5,215.4 +/- 46.9,2009.8 +/- 71.0,-0.5,/Users/yitongtseo/Documents/GitHub/ethical_necromancy/nanobody_llm_refinement/Haddock_results/MyoHead_60_T116G_L107T_cluster2.pdb
MyoHead_60_T116G_L107T,https://rascar.science.uu.nl/haddock2.4/result/6886575225/386500-MyoHead_60_T116G_L107T,4,3,-79.9 +/- 5.1,22,5.0 +/- 0.0,-76.7 +/- 3.3,-173.8 +/- 22.2,14.3 +/- 2.3,171.7 +/- 38.3,1985.2 +/- 26.5,-0.3,/Users/yitongtseo/Documents/GitHub/ethical_necromancy/nanobody_llm_refinement/Haddock_results/MyoHead_60_T116G_L107T_cluster3.pdb
MyoHead_60_T116G_L107T,https://rascar.science.uu.nl/haddock2.4/result/6886575225/386500-MyoHead_60_T116G_L107T,2,4,-76.1 +/- 2.0,43,3.7 +/- 0.1,-85.7 +/- 0.8,-113.6 +/- 25.4,13.2 +/- 4.0,190.9 +/- 10.6,2031.6 +/- 75.5,-0.1,/Users/yitongtseo/Documents/GitHub/ethical_necromancy/nanobody_llm_refinement/Haddock_results/MyoHead_60_T116G_L107T_cluster4.pdb
MyoHead_60_T116G_L107T,https://rascar.science.uu.nl/haddock2.4/result/6886575225/386500-MyoHead_60_T116G_L107T,6,5,-55.6 +/- 5.0,5,5.0 +/- 0.4,-65.6 +/- 5.4,-92.1 +/- 12.8,6.1 +/- 2.6,223.2 +/- 36.7,1891.2 +/- 40.7,1.0,/Users/yitongtseo/Documents/GitHub/ethical_necromancy/nanobody_llm_refinement/Haddock_results/MyoHead_60_T116G_L107T_cluster5.pdb
MyoHead_60_L107T_L113A,https://rascar.science.uu.nl/haddock2.4/result/6886575225/386501-MyoHead_60_L107T_L113A,9,0,-106.2 +/- 8.6,8,0.7 +/- 0.4,-86.1 +/- 5.3,-283.1 +/- 32.9,10.3 +/- 6.8,263.0 +/- 24.2,2242.6 +/- 99.2,-1.6,/Users/yitongtseo/Documents/GitHub/ethical_necromancy/nanobody_llm_refinement/Haddock_results/MyoHead_60_L107T_L113A_cluster0.pdb
MyoHead_60_L107T_L113A,https://rascar.science.uu.nl/haddock2.4/result/6886575225/386501-MyoHead_60_L107T_L113A,4,1,-102.7 +/- 5.5,16,6.4 +/- 0.1,-93.6 +/- 3.7,-174.2 +/- 27.4,14.2 +/- 2.2,115.6 +/- 29.0,2211.2 +/- 94.7,-1.3,/Users/yitongtseo/Documents/GitHub/ethical_necromancy/nanobody_llm_refinement/Haddock_results/MyoHead_60_L107T_L113A_cluster1.pdb
MyoHead_60_L107T_L113A,https://rascar.science.uu.nl/haddock2.4/result/6886575225/386501-MyoHead_60_L107T_L113A,2,2,-98.8 +/- 3.9,20,7.9 +/- 0.4,-87.9 +/- 3.4,-184.1 +/- 6.7,12.5 +/- 2.3,134.1 +/- 23.5,2059.1 +/- 12.0,-1.0,/Users/yitongtseo/Documents/GitHub/ethical_necromancy/nanobody_llm_refinement/Haddock_results/MyoHead_60_L107T_L113A_cluster2.pdb
MyoHead_60_L107T_L113A,https://rascar.science.uu.nl/haddock2.4/result/6886575225/386501-MyoHead_60_L107T_L113A,7,3,-90.0 +/- 2.4,9,8.3 +/- 0.5,-79.1 +/- 2.9,-202.1 +/- 22.2,14.3 +/- 3.5,152.0 +/- 35.1,2022.8 +/- 115.6,-0.3,/Users/yitongtseo/Documents/GitHub/ethical_necromancy/nanobody_llm_refinement/Haddock_results/MyoHead_60_L107T_L113A_cluster3.pdb
MyoHead_60_L107T_L113A,https://rascar.science.uu.nl/haddock2.4/result/6886575225/386501-MyoHead_60_L107T_L113A,6,4,-87.8 +/- 5.6,9,10.9 +/- 0.1,-72.4 +/- 3.5,-171.4 +/- 29.1,1.7 +/- 1.6,172.8 +/- 29.0,1985.9 +/- 71.7,-0.1,/Users/yitongtseo/Documents/GitHub/ethical_necromancy/nanobody_llm_refinement/Haddock_results/MyoHead_60_L107T_L113A_cluster4.pdb
MyoHead_60_L107T_L113A,https://rascar.science.uu.nl/haddock2.4/result/6886575225/386501-MyoHead_60_L107T_L113A,10,5,-84.4 +/- 8.1,6,5.6 +/- 0.1,-74.9 +/- 2.2,-172.6 +/- 50.7,11.0 +/- 5.2,139.8 +/- 14.9,1956.4 +/- 73.2,0.2,/Users/yitongtseo/Documents/GitHub/ethical_necromancy/nanobody_llm_refinement/Haddock_results/MyoHead_60_L107T_L113A_cluster5.pdb
MyoHead_60_S121E_G99D,https://rascar.science.uu.nl/haddock2.4/result/6886575225/386502-MyoHead_60_S121E_G99D,5,0,-99.4 +/- 12.4,13,9.5 +/- 0.2,-78.8 +/- 5.3,-319.2 +/- 18.5,21.8 +/- 5.3,215.7 +/- 62.1,1923.7 +/- 84.9,-1.7,/Users/yitongtseo/Documents/GitHub/ethical_necromancy/nanobody_llm_refinement/Haddock_results/MyoHead_60_S121E_G99D_cluster0.pdb
MyoHead_60_S121E_G99D,https://rascar.science.uu.nl/haddock2.4/result/6886575225/386502-MyoHead_60_S121E_G99D,1,1,-94.5 +/- 0.5,52,4.4 +/- 0.1,-74.7 +/- 5.7,-324.2 +/- 21.5,23.7 +/- 2.1,213.9 +/- 58.3,1919.0 +/- 52.9,-1.3,/Users/yitongtseo/Documents/GitHub/ethical_necromancy/nanobody_llm_refinement/Haddock_results/MyoHead_60_S121E_G99D_cluster1.pdb
MyoHead_60_S121E_G99D,https://rascar.science.uu.nl/haddock2.4/result/6886575225/386502-MyoHead_60_S121E_G99D,6,2,-88.1 +/- 5.7,12,9.6 +/- 0.1,-77.7 +/- 6.9,-262.6 +/- 33.6,17.7 +/- 2.2,244.4 +/- 37.5,2004.7 +/- 99.7,-0.6,/Users/yitongtseo/Documents/GitHub/ethical_necromancy/nanobody_llm_refinement/Haddock_results/MyoHead_60_S121E_G99D_cluster2.pdb
MyoHead_60_S121E_G99D,https://rascar.science.uu.nl/haddock2.4/result/6886575225/386502-MyoHead_60_S121E_G99D,2,3,-87.2 +/- 3.6,16,5.9 +/- 0.1,-80.3 +/- 2.4,-275.2 +/- 28.4,25.5 +/- 4.7,227.3 +/- 27.1,1933.6 +/- 27.8,-0.6,/Users/yitongtseo/Documents/GitHub/ethical_necromancy/nanobody_llm_refinement/Haddock_results/MyoHead_60_S121E_G99D_cluster3.pdb
MyoHead_60_S121E_G99D,https://rascar.science.uu.nl/haddock2.4/result/6886575225/386502-MyoHead_60_S121E_G99D,8,4,-80.9 +/- 3.3,7,9.1 +/- 0.3,-74.2 +/- 5.0,-251.5 +/- 41.9,22.0 +/- 1.4,216.1 +/- 31.6,1902.2 +/- 87.6,0.0,/Users/yitongtseo/Documents/GitHub/ethical_necromancy/nanobody_llm_refinement/Haddock_results/MyoHead_60_S121E_G99D_cluster4.pdb
MyoHead_60_S121E_G99D,https://rascar.science.uu.nl/haddock2.4/result/6886575225/386502-MyoHead_60_S121E_G99D,12,5,-79.7 +/- 17.7,4,6.6 +/- 0.2,-68.7 +/- 2.4,-295.9 +/- 56.4,22.4 +/- 3.4,257.9 +/- 54.7,1864.1 +/- 53.1,0.2,/Users/yitongtseo/Documents/GitHub/ethical_necromancy/nanobody_llm_refinement/Haddock_results/MyoHead_60_S121E_G99D_cluster5.pdb
MyoHead_60_G99D_None,https://rascar.science.uu.nl/haddock2.4/result/6886575225/386503-MyoHead_60_G99D_None,1,0,-100.5 +/- 2.0,63,3.0 +/- 0.3,-81.4 +/- 1.8,-270.5 +/- 12.3,18.4 +/- 4.9,165.6 +/- 14.2,1963.4 +/- 21.4,-1.6,/Users/yitongtseo/Documents/GitHub/ethical_necromancy/nanobody_llm_refinement/Haddock_results/MyoHead_60_G99D_None_cluster0.pdb
MyoHead_60_G99D_None,https://rascar.science.uu.nl/haddock2.4/result/6886575225/386503-MyoHead_60_G99D_None,4,1,-98.9 +/- 5.4,15,0.4 +/- 0.3,-84.3 +/- 2.8,-238.2 +/- 10.9,18.2 +/- 1.9,147.8 +/- 41.4,2025.0 +/- 68.9,-1.5,/Users/yitongtseo/Documents/GitHub/ethical_necromancy/nanobody_llm_refinement/Haddock_results/MyoHead_60_G99D_None_cluster1.pdb
MyoHead_60_G99D_None,https://rascar.science.uu.nl/haddock2.4/result/6886575225/386503-MyoHead_60_G99D_None,3,2,-86.4 +/- 2.9,24,5.4 +/- 0.1,-83.2 +/- 2.4,-196.9 +/- 35.6,6.5 +/- 2.4,295.9 +/- 59.3,1999.1 +/- 66.7,-0.3,/Users/yitongtseo/Documents/GitHub/ethical_necromancy/nanobody_llm_refinement/Haddock_results/MyoHead_60_G99D_None_cluster2.pdb
MyoHead_60_G99D_None,https://rascar.science.uu.nl/haddock2.4/result/6886575225/386503-MyoHead_60_G99D_None,7,3,-80.3 +/- 13.6,6,9.2 +/- 0.5,-76.7 +/- 7.3,-203.2 +/- 37.1,19.5 +/- 7.0,174.6 +/- 65.0,2010.0 +/- 173.6,0.3,/Users/yitongtseo/Documents/GitHub/ethical_necromancy/nanobody_llm_refinement/Haddock_results/MyoHead_60_G99D_None_cluster3.pdb
MyoHead_60_G99D_None,https://rascar.science.uu.nl/haddock2.4/result/6886575225/386503-MyoHead_60_G99D_None,8,4,-80.1 +/- 4.2,5,6.9 +/- 0.2,-77.3 +/- 5.2,-149.4 +/- 28.8,8.8 +/- 2.1,183.7 +/- 44.8,2163.8 +/- 107.1,0.3,/Users/yitongtseo/Documents/GitHub/ethical_necromancy/nanobody_llm_refinement/Haddock_results/MyoHead_60_G99D_None_cluster4.pdb
MyoHead_60_G99D_None,https://rascar.science.uu.nl/haddock2.4/result/6886575225/386503-MyoHead_60_G99D_None,2,5,-78.0 +/- 0.8,41,5.2 +/- 0.2,-64.5 +/- 3.0,-215.7 +/- 10.7,13.2 +/- 3.5,164.4 +/- 28.1,1803.5 +/- 43.6,0.5,/Users/yitongtseo/Documents/GitHub/ethical_necromancy/nanobody_llm_refinement/Haddock_results/MyoHead_60_G99D_None_cluster5.pdb
MyoHead_60_T116G_G99E,https://rascar.science.uu.nl/haddock2.4/result/6886575225/386504-MyoHead_60_T116G_G99E,2,0,-109.8 +/- 3.6,51,0.9 +/- 0.7,-84.7 +/- 4.7,-327.3 +/- 51.5,22.1 +/- 2.8,181.8 +/- 28.2,2014.3 +/- 19.7,-1.1,/Users/yitongtseo/Documents/GitHub/ethical_necromancy/nanobody_llm_refinement/Haddock_results/MyoHead_60_T116G_G99E_cluster0.pdb
MyoHead_60_T116G_G99E,https://rascar.science.uu.nl/haddock2.4/result/6886575225/386504-MyoHead_60_T116G_G99E,1,1,-103.8 +/- 1.8,112,2.7 +/- 0.1,-87.6 +/- 3.4,-250.7 +/- 16.4,18.8 +/- 1.7,150.7 +/- 52.4,2101.5 +/- 53.5,-0.8,/Users/yitongtseo/Documents/GitHub/ethical_necromancy/nanobody_llm_refinement/Haddock_results/MyoHead_60_T116G_G99E_cluster1.pdb
MyoHead_60_T116G_G99E,https://rascar.science.uu.nl/haddock2.4/result/6886575225/386504-MyoHead_60_T116G_G99E,3,2,-82.8 +/- 3.5,13,5.7 +/- 0.6,-77.5 +/- 5.3,-168.1 +/- 13.9,6.4 +/- 1.7,219.1 +/- 19.7,1885.4 +/- 67.7,0.6,/Users/yitongtseo/Documents/GitHub/ethical_necromancy/nanobody_llm_refinement/Haddock_results/MyoHead_60_T116G_G99E_cluster2.pdb
MyoHead_60_T116G_G99E,https://rascar.science.uu.nl/haddock2.4/result/6886575225/386504-MyoHead_60_T116G_G99E,4,3,-70.1 +/- 7.1,7,5.0 +/- 0.6,-56.7 +/- 6.4,-214.6 +/- 7.8,15.1 +/- 2.0,143.8 +/- 27.2,1535.1 +/- 82.9,1.3,/Users/yitongtseo/Documents/GitHub/ethical_necromancy/nanobody_llm_refinement/Haddock_results/MyoHead_60_T116G_G99E_cluster3.pdb
MyoHead_60_None_None,https://rascar.science.uu.nl/haddock2.4/result/6886575225/386505-MyoHead_60_None_None,1,0,-84.8 +/- 3.4,56,2.3 +/- 0.1,-73.5 +/- 4.0,-210.9 +/- 38.8,11.2 +/- 4.2,196.8 +/- 47.2,1940.7 +/- 54.2,-1.5,/Users/yitongtseo/Documents/GitHub/ethical_necromancy/nanobody_llm_refinement/Haddock_results/MyoHead_60_None_None_cluster0.pdb
MyoHead_60_None_None,https://rascar.science.uu.nl/haddock2.4/result/6886575225/386505-MyoHead_60_None_None,7,1,-82.4 +/- 13.0,6,0.7 +/- 0.5,-74.2 +/- 8.5,-190.9 +/- 47.8,9.3 +/- 2.8,207.1 +/- 48.1,1871.1 +/- 142.9,-1.3,/Users/yitongtseo/Documents/GitHub/ethical_necromancy/nanobody_llm_refinement/Haddock_results/MyoHead_60_None_None_cluster1.pdb
MyoHead_60_None_None,https://rascar.science.uu.nl/haddock2.4/result/6886575225/386505-MyoHead_60_None_None,2,2,-80.6 +/- 3.2,52,8.2 +/- 0.7,-74.7 +/- 3.3,-230.7 +/- 3.5,20.3 +/- 3.2,199.1 +/- 59.7,1836.8 +/- 48.8,-1.1,/Users/yitongtseo/Documents/GitHub/ethical_necromancy/nanobody_llm_refinement/Haddock_results/MyoHead_60_None_None_cluster2.pdb
MyoHead_60_None_None,https://rascar.science.uu.nl/haddock2.4/result/6886575225/386505-MyoHead_60_None_None,12,3,-73.7 +/- 15.4,4,6.6 +/- 0.2,-59.5 +/- 4.9,-262.3 +/- 51.1,14.1 +/- 4.3,241.1 +/- 46.1,1687.9 +/- 71.8,-0.5,/Users/yitongtseo/Documents/GitHub/ethical_necromancy/nanobody_llm_refinement/Haddock_results/MyoHead_60_None_None_cluster3.pdb
MyoHead_60_None_None,https://rascar.science.uu.nl/haddock2.4/result/6886575225/386505-MyoHead_60_None_None,3,4,-69.3 +/- 2.6,11,8.1 +/- 0.6,-62.0 +/- 3.0,-171.4 +/- 11.4,9.7 +/- 3.6,172.6 +/- 18.7,1689.9 +/- 54.1,-0.1,/Users/yitongtseo/Documents/GitHub/ethical_necromancy/nanobody_llm_refinement/Haddock_results/MyoHead_60_None_None_cluster4.pdb
MyoHead_60_None_None,https://rascar.science.uu.nl/haddock2.4/result/6886575225/386505-MyoHead_60_None_None,4,5,-66.9 +/- 5.4,8,6.1 +/- 0.2,-73.6 +/- 2.3,-185.0 +/- 10.9,21.4 +/- 3.0,223.2 +/- 47.1,1810.5 +/- 53.9,0.1,/Users/yitongtseo/Documents/GitHub/ethical_necromancy/nanobody_llm_refinement/Haddock_results/MyoHead_60_None_None_cluster5.pdb
MyoHead_60_T116G_L113A,https://rascar.science.uu.nl/haddock2.4/result/6886575225/386507-MyoHead_60_T116G_L113A,2,0,-130.6 +/- 8.3,30,0.3 +/- 0.2,-101.7 +/- 7.2,-253.0 +/- 26.6,8.1 +/- 1.0,135.5 +/- 59.1,2340.1 +/- 57.9,-2.3,/Users/yitongtseo/Documents/GitHub/ethical_necromancy/nanobody_llm_refinement/Haddock_results/MyoHead_60_T116G_L113A_cluster0.pdb
MyoHead_60_T116G_L113A,https://rascar.science.uu.nl/haddock2.4/result/6886575225/386507-MyoHead_60_T116G_L113A,1,1,-107.7 +/- 1.6,75,9.3 +/- 0.0,-94.8 +/- 4.1,-213.7 +/- 19.2,20.1 +/- 2.4,98.1 +/- 8.7,2141.0 +/- 67.5,-1.0,/Users/yitongtseo/Documents/GitHub/ethical_necromancy/nanobody_llm_refinement/Haddock_results/MyoHead_60_T116G_L113A_cluster1.pdb
MyoHead_60_T116G_L113A,https://rascar.science.uu.nl/haddock2.4/result/6886575225/386507-MyoHead_60_T116G_L113A,7,2,-93.3 +/- 5.5,6,3.6 +/- 0.3,-85.2 +/- 4.5,-219.6 +/- 35.1,17.6 +/- 2.0,181.7 +/- 11.3,1956.2 +/- 57.0,-0.3,/Users/yitongtseo/Documents/GitHub/ethical_necromancy/nanobody_llm_refinement/Haddock_results/MyoHead_60_T116G_L113A_cluster2.pdb
MyoHead_60_T116G_L113A,https://rascar.science.uu.nl/haddock2.4/result/6886575225/386507-MyoHead_60_T116G_L113A,4,3,-90.5 +/- 4.8,10,9.6 +/- 0.3,-81.1 +/- 6.7,-203.2 +/- 36.1,18.6 +/- 4.3,126.5 +/- 24.0,2010.1 +/- 54.8,-0.1,/Users/yitongtseo/Documents/GitHub/ethical_necromancy/nanobody_llm_refinement/Haddock_results/MyoHead_60_T116G_L113A_cluster3.pdb
MyoHead_60_T116G_L113A,https://rascar.science.uu.nl/haddock2.4/result/6886575225/386507-MyoHead_60_T116G_L113A,3,4,-87.5 +/- 6.2,21,7.8 +/- 0.4,-79.2 +/- 8.6,-184.7 +/- 45.9,12.0 +/- 4.3,167.1 +/- 58.5,1908.7 +/- 84.5,0.1,/Users/yitongtseo/Documents/GitHub/ethical_necromancy/nanobody_llm_refinement/Haddock_results/MyoHead_60_T116G_L113A_cluster4.pdb
MyoHead_60_T116G_L113A,https://rascar.science.uu.nl/haddock2.4/result/6886575225/386507-MyoHead_60_T116G_L113A,8,5,-87.2 +/- 7.5,6,6.4 +/- 0.1,-82.7 +/- 8.1,-143.9 +/- 25.6,5.9 +/- 2.1,183.6 +/- 32.8,2116.1 +/- 117.4,0.1,/Users/yitongtseo/Documents/GitHub/ethical_necromancy/nanobody_llm_refinement/Haddock_results/MyoHead_60_T116G_L113A_cluster5.pdb
MyoHead_60_G99E_None,https://rascar.science.uu.nl/haddock2.4/result/6886575225/386508-MyoHead_60_G99E_None,4,0,-101.9 +/- 7.2,16,6.4 +/- 0.1,-80.5 +/- 6.5,-345.7 +/- 35.7,17.0 +/- 4.6,307.8 +/- 48.9,2055.2 +/- 98.8,-1.7,/Users/yitongtseo/Documents/GitHub/ethical_necromancy/nanobody_llm_refinement/Haddock_results/MyoHead_60_G99E_None_cluster0.pdb
MyoHead_60_G99E_None,https://rascar.science.uu.nl/haddock2.4/result/6886575225/386508-MyoHead_60_G99E_None,1,1,-93.6 +/- 2.3,47,10.7 +/- 0.1,-88.0 +/- 3.9,-339.0 +/- 12.7,28.4 +/- 1.2,337.3 +/- 21.8,2202.5 +/- 42.5,-1.0,/Users/yitongtseo/Documents/GitHub/ethical_necromancy/nanobody_llm_refinement/Haddock_results/MyoHead_60_G99E_None_cluster1.pdb
MyoHead_60_G99E_None,https://rascar.science.uu.nl/haddock2.4/result/6886575225/386508-MyoHead_60_G99E_None,3,2,-89.7 +/- 4.9,16,5.0 +/- 0.1,-79.9 +/- 2.3,-315.6 +/- 53.2,24.2 +/- 1.1,290.6 +/- 81.8,1872.0 +/- 73.9,-0.7,/Users/yitongtseo/Documents/GitHub/ethical_necromancy/nanobody_llm_refinement/Haddock_results/MyoHead_60_G99E_None_cluster2.pdb
MyoHead_60_G99E_None,https://rascar.science.uu.nl/haddock2.4/result/6886575225/386508-MyoHead_60_G99E_None,12,3,-88.3 +/- 3.4,5,5.1 +/- 0.6,-80.8 +/- 4.4,-283.3 +/- 31.8,24.4 +/- 4.0,248.5 +/- 50.5,1825.7 +/- 90.0,-0.6,/Users/yitongtseo/Documents/GitHub/ethical_necromancy/nanobody_llm_refinement/Haddock_results/MyoHead_60_G99E_None_cluster3.pdb
MyoHead_60_G99E_None,https://rascar.science.uu.nl/haddock2.4/result/6886575225/386508-MyoHead_60_G99E_None,9,4,-83.2 +/- 7.9,6,11.1 +/- 0.3,-91.3 +/- 6.7,-272.7 +/- 52.1,30.5 +/- 3.0,321.0 +/- 63.9,2171.3 +/- 85.8,-0.2,/Users/yitongtseo/Documents/GitHub/ethical_necromancy/nanobody_llm_refinement/Haddock_results/MyoHead_60_G99E_None_cluster4.pdb
MyoHead_60_G99E_None,https://rascar.science.uu.nl/haddock2.4/result/6886575225/386508-MyoHead_60_G99E_None,5,5,-83.1 +/- 10.5,13,4.9 +/- 0.2,-85.6 +/- 3.0,-265.2 +/- 34.9,20.1 +/- 6.5,354.6 +/- 50.6,2132.9 +/- 52.1,-0.2,/Users/yitongtseo/Documents/GitHub/ethical_necromancy/nanobody_llm_refinement/Haddock_results/MyoHead_60_G99E_None_cluster5.pdb
MyoHead_60_T116G_G99D,https://rascar.science.uu.nl/haddock2.4/result/6886575225/386509-MyoHead_60_T116G_G99D,2,0,-107.4 +/- 6.6,37,0.8 +/- 0.6,-91.4 +/- 5.2,-309.2 +/- 12.2,22.0 +/- 4.1,238.2 +/- 51.3,2097.2 +/- 78.6,-1.9,/Users/yitongtseo/Documents/GitHub/ethical_necromancy/nanobody_llm_refinement/Haddock_results/MyoHead_60_T116G_G99D_cluster0.pdb
MyoHead_60_T116G_G99D,https://rascar.science.uu.nl/haddock2.4/result/6886575225/386509-MyoHead_60_T116G_G99D,1,1,-98.5 +/- 5.9,52,8.7 +/- 0.1,-81.8 +/- 4.5,-326.9 +/- 17.4,27.2 +/- 2.3,215.0 +/- 60.6,2075.0 +/- 58.2,-1.0,/Users/yitongtseo/Documents/GitHub/ethical_necromancy/nanobody_llm_refinement/Haddock_results/MyoHead_60_T116G_G99D_cluster1.pdb
MyoHead_60_T116G_G99D,https://rascar.science.uu.nl/haddock2.4/result/6886575225/386509-MyoHead_60_T116G_G99D,5,2,-96.3 +/- 3.4,15,7.4 +/- 0.5,-81.3 +/- 4.3,-285.1 +/- 11.9,21.3 +/- 4.0,206.5 +/- 2.9,1986.2 +/- 54.2,-0.8,/Users/yitongtseo/Documents/GitHub/ethical_necromancy/nanobody_llm_refinement/Haddock_results/MyoHead_60_T116G_G99D_cluster2.pdb
MyoHead_60_T116G_G99D,https://rascar.science.uu.nl/haddock2.4/result/6886575225/386509-MyoHead_60_T116G_G99D,3,3,-80.6 +/- 4.1,26,8.0 +/- 0.1,-71.7 +/- 8.3,-309.5 +/- 22.5,27.9 +/- 4.4,251.2 +/- 90.0,1675.0 +/- 66.8,0.6,/Users/yitongtseo/Documents/GitHub/ethical_necromancy/nanobody_llm_refinement/Haddock_results/MyoHead_60_T116G_G99D_cluster3.pdb
MyoHead_60_T116G_G99D,https://rascar.science.uu.nl/haddock2.4/result/6886575225/386509-MyoHead_60_T116G_G99D,4,4,-80.5 +/- 7.4,19,4.2 +/- 0.2,-69.0 +/- 6.4,-331.1 +/- 21.6,26.9 +/- 4.0,278.5 +/- 90.6,1803.3 +/- 174.6,0.6,/Users/yitongtseo/Documents/GitHub/ethical_necromancy/nanobody_llm_refinement/Haddock_results/MyoHead_60_T116G_G99D_cluster4.pdb
MyoHead_60_T116G_G99D,https://rascar.science.uu.nl/haddock2.4/result/6886575225/386509-MyoHead_60_T116G_G99D,6,5,-79.4 +/- 9.6,7,4.6 +/- 0.2,-75.3 +/- 4.2,-220.0 +/- 42.6,24.0 +/- 2.0,159.2 +/- 35.6,2011.7 +/- 102.7,0.7,/Users/yitongtseo/Documents/GitHub/ethical_necromancy/nanobody_llm_refinement/Haddock_results/MyoHead_60_T116G_G99D_cluster5.pdb
MyoHead_60_L113A_V117Y,https://rascar.science.uu.nl/haddock2.4/result/6886575225/386510-MyoHead_60_L113A_V117Y,3,0,-106.8 +/- 2.6,21,0.7 +/- 0.2,-96.8 +/- 5.5,-216.3 +/- 17.1,18.3 +/- 4.9,149.9 +/- 1.8,2311.7 +/- 59.5,-1.6,/Users/yitongtseo/Documents/GitHub/ethical_necromancy/nanobody_llm_refinement/Haddock_results/MyoHead_60_L113A_V117Y_cluster0.pdb
MyoHead_60_L113A_V117Y,https://rascar.science.uu.nl/haddock2.4/result/6886575225/386510-MyoHead_60_L113A_V117Y,1,1,-102.9 +/- 4.1,45,6.9 +/- 0.3,-95.4 +/- 6.9,-210.3 +/- 25.3,10.1 +/- 2.6,245.0 +/- 25.2,2238.1 +/- 119.2,-1.3,/Users/yitongtseo/Documents/GitHub/ethical_necromancy/nanobody_llm_refinement/Haddock_results/MyoHead_60_L113A_V117Y_cluster1.pdb
MyoHead_60_L113A_V117Y,https://rascar.science.uu.nl/haddock2.4/result/6886575225/386510-MyoHead_60_L113A_V117Y,2,2,-102.9 +/- 8.0,25,9.9 +/- 0.1,-89.3 +/- 3.4,-196.0 +/- 26.4,14.0 +/- 3.5,115.6 +/- 20.6,2081.5 +/- 59.2,-1.3,/Users/yitongtseo/Documents/GitHub/ethical_necromancy/nanobody_llm_refinement/Haddock_results/MyoHead_60_L113A_V117Y_cluster2.pdb
MyoHead_60_L113A_V117Y,https://rascar.science.uu.nl/haddock2.4/result/6886575225/386510-MyoHead_60_L113A_V117Y,13,3,-86.4 +/- 3.0,4,9.2 +/- 0.2,-70.8 +/- 3.8,-255.2 +/- 33.9,18.0 +/- 1.7,173.9 +/- 19.8,1801.6 +/- 58.1,0.1,/Users/yitongtseo/Documents/GitHub/ethical_necromancy/nanobody_llm_refinement/Haddock_results/MyoHead_60_L113A_V117Y_cluster3.pdb
MyoHead_60_L113A_V117Y,https://rascar.science.uu.nl/haddock2.4/result/6886575225/386510-MyoHead_60_L113A_V117Y,4,4,-85.5 +/- 5.5,18,9.1 +/- 0.4,-82.9 +/- 3.9,-175.4 +/- 24.3,10.6 +/- 1.6,219.1 +/- 43.0,1948.0 +/- 86.9,0.2,/Users/yitongtseo/Documents/GitHub/ethical_necromancy/nanobody_llm_refinement/Haddock_results/MyoHead_60_L113A_V117Y_cluster4.pdb
MyoHead_60_L113A_V117Y,https://rascar.science.uu.nl/haddock2.4/result/6886575225/386510-MyoHead_60_L113A_V117Y,7,5,-83.2 +/- 7.9,7,3.6 +/- 0.4,-79.9 +/- 7.2,-174.2 +/- 17.7,3.1 +/- 2.8,284.6 +/- 70.0,2198.0 +/- 89.5,0.4,/Users/yitongtseo/Documents/GitHub/ethical_necromancy/nanobody_llm_refinement/Haddock_results/MyoHead_60_L113A_V117Y_cluster5.pdb
MyoHead_60_V117Y_G99E,https://rascar.science.uu.nl/haddock2.4/result/6886575225/386511-MyoHead_60_V117Y_G99E,7,0,-125.0 +/- 12.3,8,0.5 +/- 0.3,-104.8 +/- 9.8,-360.6 +/- 59.1,15.5 +/- 3.0,364.6 +/- 55.5,2796.0 +/- 166.5,-2.3,/Users/yitongtseo/Documents/GitHub/ethical_necromancy/nanobody_llm_refinement/Haddock_results/MyoHead_60_V117Y_G99E_cluster0.pdb
MyoHead_60_V117Y_G99E,https://rascar.science.uu.nl/haddock2.4/result/6886575225/386511-MyoHead_60_V117Y_G99E,6,1,-99.1 +/- 16.5,10,6.4 +/- 0.2,-77.2 +/- 9.2,-423.3 +/- 58.8,40.7 +/- 3.7,220.8 +/- 77.4,2202.1 +/- 166.7,-0.8,/Users/yitongtseo/Documents/GitHub/ethical_necromancy/nanobody_llm_refinement/Haddock_results/MyoHead_60_V117Y_G99E_cluster1.pdb
MyoHead_60_V117Y_G99E,https://rascar.science.uu.nl/haddock2.4/result/6886575225/386511-MyoHead_60_V117Y_G99E,3,2,-95.7 +/- 3.3,21,7.9 +/- 0.1,-74.5 +/- 7.6,-390.3 +/- 35.7,18.6 +/- 2.8,382.2 +/- 26.7,2026.5 +/- 154.1,-0.6,/Users/yitongtseo/Documents/GitHub/ethical_necromancy/nanobody_llm_refinement/Haddock_results/MyoHead_60_V117Y_G99E_cluster2.pdb
MyoHead_60_V117Y_G99E,https://rascar.science.uu.nl/haddock2.4/result/6886575225/386511-MyoHead_60_V117Y_G99E,2,3,-88.2 +/- 7.0,26,10.6 +/- 0.2,-80.3 +/- 4.5,-318.4 +/- 35.3,23.9 +/- 5.2,318.8 +/- 25.9,2066.9 +/- 140.7,-0.2,/Users/yitongtseo/Documents/GitHub/ethical_necromancy/nanobody_llm_refinement/Haddock_results/MyoHead_60_V117Y_G99E_cluster3.pdb
MyoHead_60_V117Y_G99E,https://rascar.science.uu.nl/haddock2.4/result/6886575225/386511-MyoHead_60_V117Y_G99E,11,4,-85.9 +/- 14.5,5,10.3 +/- 0.1,-75.9 +/- 8.5,-315.6 +/- 35.5,30.7 +/- 1.5,225.1 +/- 41.4,1893.4 +/- 94.2,-0.0,/Users/yitongtseo/Documents/GitHub/ethical_necromancy/nanobody_llm_refinement/Haddock_results/MyoHead_60_V117Y_G99E_cluster4.pdb
MyoHead_60_V117Y_G99E,https://rascar.science.uu.nl/haddock2.4/result/6886575225/386511-MyoHead_60_V117Y_G99E,5,5,-79.5 +/- 10.9,10,5.8 +/- 0.7,-69.0 +/- 4.8,-309.4 +/- 51.0,16.0 +/- 2.7,353.3 +/- 25.2,1882.9 +/- 166.4,0.4,/Users/yitongtseo/Documents/GitHub/ethical_necromancy/nanobody_llm_refinement/Haddock_results/MyoHead_60_V117Y_G99E_cluster5.pdb
MyoHead_60_L113A_G99Q,https://rascar.science.uu.nl/haddock2.4/result/6886575225/386512-MyoHead_60_L113A_G99Q,3,0,-126.0 +/- 9.7,20,0.4 +/- 0.3,-106.8 +/- 7.0,-293.0 +/- 23.4,20.1 +/- 6.2,193.4 +/- 24.1,2395.3 +/- 98.6,-2.0,/Users/yitongtseo/Documents/GitHub/ethical_necromancy/nanobody_llm_refinement/Haddock_results/MyoHead_60_L113A_G99Q_cluster0.pdb
MyoHead_60_L113A_G99Q,https://rascar.science.uu.nl/haddock2.4/result/6886575225/386512-MyoHead_60_L113A_G99Q,12,1,-104.4 +/- 14.4,6,6.7 +/- 0.2,-108.3 +/- 4.4,-224.0 +/- 28.7,24.7 +/- 4.3,240.4 +/- 56.0,2487.0 +/- 55.5,-0.6,/Users/yitongtseo/Documents/GitHub/ethical_necromancy/nanobody_llm_refinement/Haddock_results/MyoHead_60_L113A_G99Q_cluster1.pdb
MyoHead_60_L113A_G99Q,https://rascar.science.uu.nl/haddock2.4/result/6886575225/386512-MyoHead_60_L113A_G99Q,7,2,-103.3 +/- 6.1,14,9.7 +/- 0.1,-106.8 +/- 5.0,-222.8 +/- 23.6,23.2 +/- 1.5,248.3 +/- 35.6,2451.4 +/- 19.2,-0.6,/Users/yitongtseo/Documents/GitHub/ethical_necromancy/nanobody_llm_refinement/Haddock_results/MyoHead_60_L113A_G99Q_cluster2.pdb
MyoHead_60_L113A_G99Q,https://rascar.science.uu.nl/haddock2.4/result/6886575225/386512-MyoHead_60_L113A_G99Q,2,3,-99.4 +/- 3.4,21,6.3 +/- 0.1,-91.2 +/- 3.0,-308.3 +/- 46.1,30.0 +/- 2.9,234.9 +/- 27.6,2566.8 +/- 118.6,-0.3,/Users/yitongtseo/Documents/GitHub/ethical_necromancy/nanobody_llm_refinement/Haddock_results/MyoHead_60_L113A_G99Q_cluster3.pdb
MyoHead_60_L113A_G99Q,https://rascar.science.uu.nl/haddock2.4/result/6886575225/386512-MyoHead_60_L113A_G99Q,11,4,-99.2 +/- 17.6,6,8.7 +/- 0.3,-98.8 +/- 7.8,-270.3 +/- 39.0,26.1 +/- 3.9,275.5 +/- 30.6,2367.3 +/- 83.5,-0.3,/Users/yitongtseo/Documents/GitHub/ethical_necromancy/nanobody_llm_refinement/Haddock_results/MyoHead_60_L113A_G99Q_cluster4.pdb
MyoHead_60_L113A_G99Q,https://rascar.science.uu.nl/haddock2.4/result/6886575225/386512-MyoHead_60_L113A_G99Q,4,5,-96.0 +/- 2.5,19,9.6 +/- 0.1,-109.1 +/- 6.7,-163.2 +/- 25.4,17.8 +/- 4.8,279.1 +/- 68.2,2478.5 +/- 73.5,-0.1,/Users/yitongtseo/Documents/GitHub/ethical_necromancy/nanobody_llm_refinement/Haddock_results/MyoHead_60_L113A_G99Q_cluster5.pdb
MyoHead_60_L113A_None,https://rascar.science.uu.nl/haddock2.4/result/6886575225/386513-MyoHead_60_L113A_None,2,0,-126.9 +/- 10.7,14,0.4 +/- 0.2,-102.7 +/- 7.5,-393.2 +/- 31.6,13.9 +/- 2.4,405.9 +/- 35.0,2710.6 +/- 117.7,-1.7,/Users/yitongtseo/Documents/GitHub/ethical_necromancy/nanobody_llm_refinement/Haddock_results/MyoHead_60_L113A_None_cluster0.pdb
MyoHead_60_L113A_None,https://rascar.science.uu.nl/haddock2.4/result/6886575225/386513-MyoHead_60_L113A_None,4,1,-117.3 +/- 9.8,12,6.2 +/- 0.1,-105.1 +/- 3.6,-312.1 +/- 51.1,14.7 +/- 4.0,355.1 +/- 81.1,2805.1 +/- 82.8,-1.0,/Users/yitongtseo/Documents/GitHub/ethical_necromancy/nanobody_llm_refinement/Haddock_results/MyoHead_60_L113A_None_cluster1.pdb
MyoHead_60_L113A_None,https://rascar.science.uu.nl/haddock2.4/result/6886575225/386513-MyoHead_60_L113A_None,1,2,-116.0 +/- 7.7,73,11.8 +/- 0.0,-97.8 +/- 3.8,-260.3 +/- 63.3,-0.7 +/- 5.7,344.9 +/- 67.2,2558.2 +/- 123.7,-0.9,/Users/yitongtseo/Documents/GitHub/ethical_necromancy/nanobody_llm_refinement/Haddock_results/MyoHead_60_L113A_None_cluster2.pdb
MyoHead_60_L113A_None,https://rascar.science.uu.nl/haddock2.4/result/6886575225/386513-MyoHead_60_L113A_None,3,3,-111.1 +/- 6.4,13,4.9 +/- 0.2,-102.2 +/- 6.7,-214.2 +/- 43.0,3.6 +/- 2.6,303.4 +/- 41.8,2680.2 +/- 116.3,-0.5,/Users/yitongtseo/Documents/GitHub/ethical_necromancy/nanobody_llm_refinement/Haddock_results/MyoHead_60_L113A_None_cluster3.pdb
MyoHead_60_L113A_None,https://rascar.science.uu.nl/haddock2.4/result/6886575225/386513-MyoHead_60_L113A_None,6,4,-109.4 +/- 7.9,9,5.4 +/- 0.3,-97.2 +/- 3.9,-292.9 +/- 47.6,13.0 +/- 5.0,334.9 +/- 30.9,2420.3 +/- 117.4,-0.3,/Users/yitongtseo/Documents/GitHub/ethical_necromancy/nanobody_llm_refinement/Haddock_results/MyoHead_60_L113A_None_cluster4.pdb
MyoHead_60_L113A_None,https://rascar.science.uu.nl/haddock2.4/result/6886575225/386513-MyoHead_60_L113A_None,13,5,-104.2 +/- 18.2,4,11.4 +/- 0.0,-97.1 +/- 3.4,-220.7 +/- 54.9,8.5 +/- 5.0,285.5 +/- 108.7,2588.7 +/- 90.5,0.1,/Users/yitongtseo/Documents/GitHub/ethical_necromancy/nanobody_llm_refinement/Haddock_results/MyoHead_60_L113A_None_cluster5.pdb
MyoHead_60_L113A_S121E,https://rascar.science.uu.nl/haddock2.4/result/6886575225/386514-MyoHead_60_L113A_S121E,1,0,-162.0 +/- 9.0,51,1.6 +/- 1.5,-112.0 +/- 9.5,-443.2 +/- 106.8,10.0 +/- 5.6,287.0 +/- 51.2,2978.3 +/- 115.2,-2.2,/Users/yitongtseo/Documents/GitHub/ethical_necromancy/nanobody_llm_refinement/Haddock_results/MyoHead_60_L113A_S121E_cluster0.pdb
MyoHead_60_L113A_S121E,https://rascar.science.uu.nl/haddock2.4/result/6886575225/386514-MyoHead_60_L113A_S121E,3,1,-132.8 +/- 9.3,30,4.2 +/- 0.1,-107.5 +/- 4.0,-339.9 +/- 28.9,10.0 +/- 3.3,327.4 +/- 20.1,2877.0 +/- 39.7,-0.9,/Users/yitongtseo/Documents/GitHub/ethical_necromancy/nanobody_llm_refinement/Haddock_results/MyoHead_60_L113A_S121E_cluster1.pdb
MyoHead_60_L113A_S121E,https://rascar.science.uu.nl/haddock2.4/result/6886575225/386514-MyoHead_60_L113A_S121E,4,2,-123.3 +/- 24.9,9,3.7 +/- 0.2,-105.8 +/- 11.6,-329.4 +/- 54.2,10.8 +/- 4.5,375.5 +/- 67.5,2772.6 +/- 170.5,-0.5,/Users/yitongtseo/Documents/GitHub/ethical_necromancy/nanobody_llm_refinement/Haddock_results/MyoHead_60_L113A_S121E_cluster2.pdb
MyoHead_60_L113A_S121E,https://rascar.science.uu.nl/haddock2.4/result/6886575225/386514-MyoHead_60_L113A_S121E,2,3,-120.0 +/- 5.7,43,11.7 +/- 0.1,-108.4 +/- 8.6,-212.3 +/- 43.2,2.6 +/- 4.8,282.1 +/- 58.6,2774.7 +/- 67.4,-0.4,/Users/yitongtseo/Documents/GitHub/ethical_necromancy/nanobody_llm_refinement/Haddock_results/MyoHead_60_L113A_S121E_cluster3.pdb
MyoHead_60_L113A_S121E,https://rascar.science.uu.nl/haddock2.4/result/6886575225/386514-MyoHead_60_L113A_S121E,7,4,-118.4 +/- 23.8,6,4.9 +/- 0.1,-93.5 +/- 8.9,-312.6 +/- 62.0,10.5 +/- 5.0,271.5 +/- 18.8,2520.2 +/- 203.6,-0.3,/Users/yitongtseo/Documents/GitHub/ethical_necromancy/nanobody_llm_refinement/Haddock_results/MyoHead_60_L113A_S121E_cluster4.pdb
MyoHead_60_L113A_S121E,https://rascar.science.uu.nl/haddock2.4/result/6886575225/386514-MyoHead_60_L113A_S121E,8,5,-103.2 +/- 11.1,5,11.4 +/- 0.0,-94.9 +/- 8.9,-191.1 +/- 23.6,-3.3 +/- 3.2,332.5 +/- 33.3,2470.1 +/- 123.8,0.3,/Users/yitongtseo/Documents/GitHub/ethical_necromancy/nanobody_llm_refinement/Haddock_results/MyoHead_60_L113A_S121E_cluster5.pdb
MyoHead_60_L107T_G99Q,https://rascar.science.uu.nl/haddock2.4/result/6886575225/386516-MyoHead_60_L107T_G99Q,1,0,-113.9 +/- 3.7,42,1.0 +/- 1.2,-94.5 +/- 1.1,-231.5 +/- 7.6,14.0 +/- 1.8,129.1 +/- 24.8,2161.9 +/- 53.2,-1.7,/Users/yitongtseo/Documents/GitHub/ethical_necromancy/nanobody_llm_refinement/Haddock_results/MyoHead_60_L107T_G99Q_cluster0.pdb
MyoHead_60_L107T_G99Q,https://rascar.science.uu.nl/haddock2.4/result/6886575225/386516-MyoHead_60_L107T_G99Q,5,1,-106.0 +/- 4.9,13,9.3 +/- 0.0,-88.4 +/- 3.7,-222.9 +/- 13.5,14.5 +/- 3.1,124.7 +/- 35.5,2138.9 +/- 99.5,-1.3,/Users/yitongtseo/Documents/GitHub/ethical_necromancy/nanobody_llm_refinement/Haddock_results/MyoHead_60_L107T_G99Q_cluster1.pdb
MyoHead_60_L107T_G99Q,https://rascar.science.uu.nl/haddock2.4/result/6886575225/386516-MyoHead_60_L107T_G99Q,4,2,-103.4 +/- 5.6,22,1.0 +/- 0.5,-90.7 +/- 7.9,-210.3 +/- 6.7,14.7 +/- 3.8,145.7 +/- 14.0,2096.6 +/- 53.2,-1.1,/Users/yitongtseo/Documents/GitHub/ethical_necromancy/nanobody_llm_refinement/Haddock_results/MyoHead_60_L107T_G99Q_cluster2.pdb
MyoHead_60_L107T_G99Q,https://rascar.science.uu.nl/haddock2.4/result/6886575225/386516-MyoHead_60_L107T_G99Q,2,3,-84.2 +/- 4.2,34,4.1 +/- 0.7,-78.1 +/- 4.2,-164.2 +/- 19.9,9.8 +/- 3.6,169.1 +/- 14.4,2069.2 +/- 93.2,-0.1,/Users/yitongtseo/Documents/GitHub/ethical_necromancy/nanobody_llm_refinement/Haddock_results/MyoHead_60_L107T_G99Q_cluster3.pdb
MyoHead_60_L107T_G99Q,https://rascar.science.uu.nl/haddock2.4/result/6886575225/386516-MyoHead_60_L107T_G99Q,3,4,-83.8 +/- 1.8,24,6.9 +/- 0.1,-86.1 +/- 2.1,-103.2 +/- 21.9,6.9 +/- 4.0,160.6 +/- 15.2,2150.3 +/- 65.0,-0.1,/Users/yitongtseo/Documents/GitHub/ethical_necromancy/nanobody_llm_refinement/Haddock_results/MyoHead_60_L107T_G99Q_cluster4.pdb
MyoHead_60_L107T_G99Q,https://rascar.science.uu.nl/haddock2.4/result/6886575225/386516-MyoHead_60_L107T_G99Q,9,5,-76.7 +/- 12.2,5,6.8 +/- 0.1,-78.0 +/- 7.0,-135.5 +/- 48.7,6.5 +/- 4.7,218.3 +/- 30.4,2061.1 +/- 52.4,0.3,/Users/yitongtseo/Documents/GitHub/ethical_necromancy/nanobody_llm_refinement/Haddock_results/MyoHead_60_L107T_G99Q_cluster5.pdb
MyoHead_60_V117Y_G99D,https://rascar.science.uu.nl/haddock2.4/result/6886575225/386517-MyoHead_60_V117Y_G99D,3,0,-88.4 +/- 5.2,13,3.9 +/- 0.1,-65.8 +/- 4.2,-275.9 +/- 17.6,14.4 +/- 2.4,181.1 +/- 11.5,1632.9 +/- 68.2,-1.7,/Users/yitongtseo/Documents/GitHub/ethical_necromancy/nanobody_llm_refinement/Haddock_results/MyoHead_60_V117Y_G99D_cluster0.pdb
MyoHead_60_V117Y_G99D,https://rascar.science.uu.nl/haddock2.4/result/6886575225/386517-MyoHead_60_V117Y_G99D,2,1,-87.5 +/- 6.7,23,0.8 +/- 0.6,-75.9 +/- 5.1,-230.2 +/- 15.7,15.2 +/- 2.9,193.0 +/- 54.8,1896.0 +/- 108.0,-1.5,/Users/yitongtseo/Documents/GitHub/ethical_necromancy/nanobody_llm_refinement/Haddock_results/MyoHead_60_V117Y_G99D_cluster1.pdb
MyoHead_60_V117Y_G99D,https://rascar.science.uu.nl/haddock2.4/result/6886575225/386517-MyoHead_60_V117Y_G99D,13,2,-85.1 +/- 5.7,7,7.8 +/- 0.1,-80.9 +/- 2.0,-161.6 +/- 29.4,12.7 +/- 4.8,154.2 +/- 49.0,2026.8 +/- 89.6,-0.9,/Users/yitongtseo/Documents/GitHub/ethical_necromancy/nanobody_llm_refinement/Haddock_results/MyoHead_60_V117Y_G99D_cluster2.pdb
MyoHead_60_V117Y_G99D,https://rascar.science.uu.nl/haddock2.4/result/6886575225/386517-MyoHead_60_V117Y_G99D,9,3,-81.5 +/- 2.3,8,5.1 +/- 0.2,-77.0 +/- 6.8,-216.8 +/- 24.9,9.9 +/- 2.0,288.9 +/- 42.3,2061.3 +/- 66.8,-0.0,/Users/yitongtseo/Documents/GitHub/ethical_necromancy/nanobody_llm_refinement/Haddock_results/MyoHead_60_V117Y_G99D_cluster3.pdb
MyoHead_60_V117Y_G99D,https://rascar.science.uu.nl/haddock2.4/result/6886575225/386517-MyoHead_60_V117Y_G99D,1,4,-80.8 +/- 8.4,24,7.2 +/- 0.1,-73.4 +/- 3.5,-177.8 +/- 30.0,6.0 +/- 1.3,221.8 +/- 41.5,2031.6 +/- 132.1,0.2,/Users/yitongtseo/Documents/GitHub/ethical_necromancy/nanobody_llm_refinement/Haddock_results/MyoHead_60_V117Y_G99D_cluster4.pdb
MyoHead_60_V117Y_G99D,https://rascar.science.uu.nl/haddock2.4/result/6886575225/386517-MyoHead_60_V117Y_G99D,6,5,-80.6 +/- 7.9,11,6.9 +/- 0.1,-73.4 +/- 5.4,-229.9 +/- 24.1,13.6 +/- 1.6,251.7 +/- 27.7,1904.9 +/- 60.9,0.2,/Users/yitongtseo/Documents/GitHub/ethical_necromancy/nanobody_llm_refinement/Haddock_results/MyoHead_60_V117Y_G99D_cluster5.pdb
MyoHead_60_L107T_None,https://rascar.science.uu.nl/haddock2.4/result/6886575225/386518-MyoHead_60_L107T_None,3,0,-98.5 +/- 4.1,16,1.0 +/- 1.2,-83.8 +/- 2.9,-211.4 +/- 16.9,16.8 +/- 0.8,107.7 +/- 18.2,1962.0 +/- 48.5,-1.9,/Users/yitongtseo/Documents/GitHub/ethical_necromancy/nanobody_llm_refinement/Haddock_results/MyoHead_60_L107T_None_cluster0.pdb
MyoHead_60_L107T_None,https://rascar.science.uu.nl/haddock2.4/result/6886575225/386518-MyoHead_60_L107T_None,8,1,-93.1 +/- 2.2,8,7.2 +/- 0.1,-83.6 +/- 3.4,-193.9 +/- 36.4,17.2 +/- 4.4,120.7 +/- 33.7,2143.9 +/- 72.5,-1.3,/Users/yitongtseo/Documents/GitHub/ethical_necromancy/nanobody_llm_refinement/Haddock_results/MyoHead_60_L107T_None_cluster1.pdb
MyoHead_60_L107T_None,https://rascar.science.uu.nl/haddock2.4/result/6886575225/386518-MyoHead_60_L107T_None,1,2,-85.5 +/- 3.9,47,2.8 +/- 0.1,-87.0 +/- 3.4,-158.6 +/- 29.2,16.3 +/- 2.2,169.4 +/- 24.0,2034.9 +/- 94.0,-0.5,/Users/yitongtseo/Documents/GitHub/ethical_necromancy/nanobody_llm_refinement/Haddock_results/MyoHead_60_L107T_None_cluster2.pdb
MyoHead_60_L107T_None,https://rascar.science.uu.nl/haddock2.4/result/6886575225/386518-MyoHead_60_L107T_None,4,3,-84.7 +/- 0.3,11,9.4 +/- 0.1,-85.2 +/- 4.3,-113.8 +/- 32.6,8.1 +/- 2.7,151.6 +/- 28.3,2185.0 +/- 77.4,-0.4,/Users/yitongtseo/Documents/GitHub/ethical_necromancy/nanobody_llm_refinement/Haddock_results/MyoHead_60_L107T_None_cluster3.pdb
MyoHead_60_L107T_None,https://rascar.science.uu.nl/haddock2.4/result/6886575225/386518-MyoHead_60_L107T_None,13,4,-80.3 +/- 4.9,4,4.6 +/- 0.2,-74.7 +/- 6.0,-142.7 +/- 10.3,0.9 +/- 3.9,220.5 +/- 61.6,1952.1 +/- 55.9,0.0,/Users/yitongtseo/Documents/GitHub/ethical_necromancy/nanobody_llm_refinement/Haddock_results/MyoHead_60_L107T_None_cluster4.pdb
MyoHead_60_L107T_None,https://rascar.science.uu.nl/haddock2.4/result/6886575225/386518-MyoHead_60_L107T_None,2,5,-78.5 +/- 2.3,31,5.1 +/- 0.8,-83.4 +/- 3.8,-94.2 +/- 32.8,7.7 +/- 5.0,160.6 +/- 32.9,1989.2 +/- 27.5,0.2,/Users/yitongtseo/Documents/GitHub/ethical_necromancy/nanobody_llm_refinement/Haddock_results/MyoHead_60_L107T_None_cluster5.pdb
MyoHead_60_L113A_G99D,https://rascar.science.uu.nl/haddock2.4/result/6886575225/386520-MyoHead_60_L113A_G99D,3,0,-132.3 +/- 1.2,18,0.3 +/- 0.2,-108.8 +/- 2.2,-407.7 +/- 11.4,23.5 +/- 1.9,345.3 +/- 19.2,2913.7 +/- 49.8,-2.0,/Users/yitongtseo/Documents/GitHub/ethical_necromancy/nanobody_llm_refinement/Haddock_results/MyoHead_60_L113A_G99D_cluster0.pdb
MyoHead_60_L113A_G99D,https://rascar.science.uu.nl/haddock2.4/result/6886575225/386520-MyoHead_60_L113A_G99D,8,1,-108.1 +/- 8.2,5,6.1 +/- 0.0,-101.4 +/- 8.2,-338.8 +/- 23.7,24.2 +/- 6.9,369.4 +/- 42.2,2723.3 +/- 114.0,-1.0,/Users/yitongtseo/Documents/GitHub/ethical_necromancy/nanobody_llm_refinement/Haddock_results/MyoHead_60_L113A_G99D_cluster1.pdb
MyoHead_60_L113A_G99D,https://rascar.science.uu.nl/haddock2.4/result/6886575225/386520-MyoHead_60_L113A_G99D,1,2,-100.3 +/- 2.9,68,10.2 +/- 0.1,-85.3 +/- 2.7,-334.4 +/- 25.3,12.6 +/- 5.2,393.1 +/- 7.9,2157.8 +/- 54.7,-0.7,/Users/yitongtseo/Documents/GitHub/ethical_necromancy/nanobody_llm_refinement/Haddock_results/MyoHead_60_L113A_G99D_cluster2.pdb
MyoHead_60_L113A_G99D,https://rascar.science.uu.nl/haddock2.4/result/6886575225/386520-MyoHead_60_L113A_G99D,7,3,-87.9 +/- 7.9,5,8.0 +/- 0.1,-79.5 +/- 4.9,-345.2 +/- 44.8,28.1 +/- 2.7,325.9 +/- 42.4,1994.4 +/- 78.1,-0.2,/Users/yitongtseo/Documents/GitHub/ethical_necromancy/nanobody_llm_refinement/Haddock_results/MyoHead_60_L113A_G99D_cluster3.pdb
MyoHead_60_L113A_G99D,https://rascar.science.uu.nl/haddock2.4/result/6886575225/386520-MyoHead_60_L113A_G99D,2,4,-86.0 +/- 3.1,27,10.9 +/- 0.0,-80.6 +/- 6.4,-304.8 +/- 19.4,25.8 +/- 3.3,297.5 +/- 113.1,2018.3 +/- 70.6,-0.1,/Users/yitongtseo/Documents/GitHub/ethical_necromancy/nanobody_llm_refinement/Haddock_results/MyoHead_60_L113A_G99D_cluster4.pdb
MyoHead_60_L113A_G99D,https://rascar.science.uu.nl/haddock2.4/result/6886575225/386520-MyoHead_60_L113A_G99D,4,5,-75.4 +/- 5.0,11,8.0 +/- 0.0,-84.3 +/- 4.6,-238.3 +/- 23.6,26.8 +/- 1.4,298.7 +/- 29.9,2043.4 +/- 69.1,0.3,/Users/yitongtseo/Documents/GitHub/ethical_necromancy/nanobody_llm_refinement/Haddock_results/MyoHead_60_L113A_G99D_cluster5.pdb
MyoHead_60_L107T_S121E,https://rascar.science.uu.nl/haddock2.4/result/6886575225/386489-MyoHead_60_L107T_S121E,3,0,-95.5 +/- 7.1,22,2.7 +/- 0.7,-77.3 +/- 5.9,-206.9 +/- 32.0,4.5 +/- 4.3,187.1 +/- 47.4,2062.2 +/- 91.3,-1.9,/Users/yitongtseo/Documents/GitHub/ethical_necromancy/nanobody_llm_refinement/Haddock_results/MyoHead_60_L107T_S121E_cluster0.pdb
MyoHead_60_L107T_S121E,https://rascar.science.uu.nl/haddock2.4/result/6886575225/386489-MyoHead_60_L107T_S121E,5,1,-89.2 +/- 1.2,21,6.6 +/- 0.1,-86.8 +/- 6.0,-157.9 +/- 29.2,14.4 +/- 1.7,148.5 +/- 11.4,1979.4 +/- 50.3,-1.2,/Users/yitongtseo/Documents/GitHub/ethical_necromancy/nanobody_llm_refinement/Haddock_results/MyoHead_60_L107T_S121E_cluster1.pdb
MyoHead_60_L107T_S121E,https://rascar.science.uu.nl/haddock2.4/result/6886575225/386489-MyoHead_60_L107T_S121E,2,2,-85.2 +/- 6.0,22,4.6 +/- 0.2,-69.1 +/- 5.8,-238.2 +/- 43.0,15.7 +/- 5.3,158.3 +/- 43.3,1970.6 +/- 34.6,-0.7,/Users/yitongtseo/Documents/GitHub/ethical_necromancy/nanobody_llm_refinement/Haddock_results/MyoHead_60_L107T_S121E_cluster2.pdb
MyoHead_60_L107T_S121E,https://rascar.science.uu.nl/haddock2.4/result/6886575225/386489-MyoHead_60_L107T_S121E,12,3,-82.3 +/- 8.9,4,6.9 +/- 0.1,-83.8 +/- 2.7,-133.1 +/- 23.7,11.2 +/- 3.3,169.4 +/- 26.8,2166.7 +/- 41.9,-0.4,/Users/yitongtseo/Documents/GitHub/ethical_necromancy/nanobody_llm_refinement/Haddock_results/MyoHead_60_L107T_S121E_cluster3.pdb
MyoHead_60_L107T_S121E,https://rascar.science.uu.nl/haddock2.4/result/6886575225/386489-MyoHead_60_L107T_S121E,7,4,-77.3 +/- 3.6,14,8.9 +/- 0.2,-73.8 +/- 3.1,-172.5 +/- 28.1,8.1 +/- 5.1,228.0 +/- 60.4,2001.6 +/- 16.5,0.1,/Users/yitongtseo/Documents/GitHub/ethical_necromancy/nanobody_llm_refinement/Haddock_results/MyoHead_60_L107T_S121E_cluster4.pdb
MyoHead_60_L107T_S121E,https://rascar.science.uu.nl/haddock2.4/result/6886575225/386489-MyoHead_60_L107T_S121E,6,5,-77.0 +/- 4.6,20,8.5 +/- 0.0,-79.2 +/- 3.8,-179.1 +/- 12.6,11.8 +/- 2.5,262.6 +/- 35.6,1839.4 +/- 70.0,0.2,/Users/yitongtseo/Documents/GitHub/ethical_necromancy/nanobody_llm_refinement/Haddock_results/MyoHead_60_L107T_S121E_cluster5.pdb
MyoHead_60_V117Y_S121E,https://rascar.science.uu.nl/haddock2.4/result/6886575225/386522-MyoHead_60_V117Y_S121E,1,0,-137.3 +/- 3.6,52,0.4 +/- 0.3,-106.6 +/- 9.4,-300.1 +/- 26.5,12.0 +/- 3.5,173.3 +/- 60.6,2416.2 +/- 145.7,-1.9,/Users/yitongtseo/Documents/GitHub/ethical_necromancy/nanobody_llm_refinement/Haddock_results/MyoHead_60_V117Y_S121E_cluster0.pdb
MyoHead_60_V117Y_S121E,https://rascar.science.uu.nl/haddock2.4/result/6886575225/386522-MyoHead_60_V117Y_S121E,9,1,-125.8 +/- 7.6,6,9.0 +/- 0.2,-106.4 +/- 5.3,-330.5 +/- 8.1,24.1 +/- 2.1,225.7 +/- 29.8,2290.2 +/- 85.0,-1.2,/Users/yitongtseo/Documents/GitHub/ethical_necromancy/nanobody_llm_refinement/Haddock_results/MyoHead_60_V117Y_S121E_cluster1.pdb
MyoHead_60_V117Y_S121E,https://rascar.science.uu.nl/haddock2.4/result/6886575225/386522-MyoHead_60_V117Y_S121E,8,2,-112.9 +/- 2.1,6,7.9 +/- 0.2,-87.4 +/- 7.1,-306.5 +/- 37.1,19.9 +/- 2.7,158.8 +/- 39.9,2162.1 +/- 69.5,-0.5,/Users/yitongtseo/Documents/GitHub/ethical_necromancy/nanobody_llm_refinement/Haddock_results/MyoHead_60_V117Y_S121E_cluster2.pdb
MyoHead_60_V117Y_S121E,https://rascar.science.uu.nl/haddock2.4/result/6886575225/386522-MyoHead_60_V117Y_S121E,2,3,-108.9 +/- 5.1,32,6.5 +/- 0.1,-101.5 +/- 2.7,-284.8 +/- 45.7,24.6 +/- 4.0,248.8 +/- 40.5,2314.0 +/- 64.2,-0.2,/Users/yitongtseo/Documents/GitHub/ethical_necromancy/nanobody_llm_refinement/Haddock_results/MyoHead_60_V117Y_S121E_cluster3.pdb
MyoHead_60_V117Y_S121E,https://rascar.science.uu.nl/haddock2.4/result/6886575225/386522-MyoHead_60_V117Y_S121E,3,4,-106.4 +/- 2.7,23,2.3 +/- 0.1,-88.4 +/- 2.6,-263.0 +/- 16.6,11.6 +/- 6.1,230.4 +/- 48.7,2055.1 +/- 102.0,-0.1,/Users/yitongtseo/Documents/GitHub/ethical_necromancy/nanobody_llm_refinement/Haddock_results/MyoHead_60_V117Y_S121E_cluster4.pdb
MyoHead_60_V117Y_S121E,https://rascar.science.uu.nl/haddock2.4/result/6886575225/386522-MyoHead_60_V117Y_S121E,4,5,-103.2 +/- 3.7,23,7.8 +/- 0.1,-94.2 +/- 4.0,-238.5 +/- 25.8,21.9 +/- 4.7,167.6 +/- 19.4,2176.9 +/- 47.4,0.1,/Users/yitongtseo/Documents/GitHub/ethical_necromancy/nanobody_llm_refinement/Haddock_results/MyoHead_60_V117Y_S121E_cluster5.pdb
MyoHead_60_V117Y_None,https://rascar.science.uu.nl/haddock2.4/result/6886575225/386523-MyoHead_60_V117Y_None,10,0,-92.8 +/- 7.2,5,1.5 +/- 0.8,-85.8 +/- 10.6,-170.9 +/- 54.0,7.2 +/- 4.0,199.5 +/- 25.3,2186.1 +/- 189.9,-1.7,/Users/yitongtseo/Documents/GitHub/ethical_necromancy/nanobody_llm_refinement/Haddock_results/MyoHead_60_V117Y_None_cluster0.pdb
MyoHead_60_V117Y_None,https://rascar.science.uu.nl/haddock2.4/result/6886575225/386523-MyoHead_60_V117Y_None,1,1,-90.5 +/- 1.7,34,9.3 +/- 0.2,-81.3 +/- 4.9,-200.6 +/- 23.3,18.7 +/- 2.4,121.7 +/- 37.5,1921.1 +/- 41.8,-1.4,/Users/yitongtseo/Documents/GitHub/ethical_necromancy/nanobody_llm_refinement/Haddock_results/MyoHead_60_V117Y_None_cluster1.pdb
MyoHead_60_V117Y_None,https://rascar.science.uu.nl/haddock2.4/result/6886575225/386523-MyoHead_60_V117Y_None,4,2,-84.5 +/- 4.0,19,7.0 +/- 0.4,-83.4 +/- 10.2,-148.0 +/- 34.4,5.1 +/- 1.6,233.5 +/- 28.6,2195.5 +/- 109.4,-0.7,/Users/yitongtseo/Documents/GitHub/ethical_necromancy/nanobody_llm_refinement/Haddock_results/MyoHead_60_V117Y_None_cluster2.pdb
MyoHead_60_V117Y_None,https://rascar.science.uu.nl/haddock2.4/result/6886575225/386523-MyoHead_60_V117Y_None,9,3,-82.7 +/- 7.8,5,8.1 +/- 0.2,-72.2 +/- 4.4,-143.4 +/- 24.1,0.3 +/- 1.7,178.4 +/- 44.5,1856.9 +/- 119.2,-0.5,/Users/yitongtseo/Documents/GitHub/ethical_necromancy/nanobody_llm_refinement/Haddock_results/MyoHead_60_V117Y_None_cluster3.pdb
MyoHead_60_V117Y_None,https://rascar.science.uu.nl/haddock2.4/result/6886575225/386523-MyoHead_60_V117Y_None,7,4,-76.9 +/- 8.0,8,8.5 +/- 0.0,-71.1 +/- 3.4,-144.0 +/- 17.8,6.4 +/- 1.0,165.2 +/- 29.9,1873.1 +/- 116.4,0.2,/Users/yitongtseo/Documents/GitHub/ethical_necromancy/nanobody_llm_refinement/Haddock_results/MyoHead_60_V117Y_None_cluster4.pdb
MyoHead_60_V117Y_None,https://rascar.science.uu.nl/haddock2.4/result/6886575225/386523-MyoHead_60_V117Y_None,2,5,-75.5 +/- 2.0,30,8.2 +/- 0.6,-72.6 +/- 6.1,-148.9 +/- 22.2,8.1 +/- 4.1,187.2 +/- 32.1,1870.4 +/- 65.6,0.4,/Users/yitongtseo/Documents/GitHub/ethical_necromancy/nanobody_llm_refinement/Haddock_results/MyoHead_60_V117Y_None_cluster5.pdb
MyoHead_60_G99Q_S121E,https://rascar.science.uu.nl/haddock2.4/result/6886575225/386524-MyoHead_60_G99Q_S121E,1,0,-139.8 +/- 5.9,34,0.5 +/- 0.4,-112.0 +/- 4.9,-381.0 +/- 18.1,19.2 +/- 4.1,291.5 +/- 37.1,2736.0 +/- 148.6,-1.8,/Users/yitongtseo/Documents/GitHub/ethical_necromancy/nanobody_llm_refinement/Haddock_results/MyoHead_60_G99Q_S121E_cluster0.pdb
MyoHead_60_G99Q_S121E,https://rascar.science.uu.nl/haddock2.4/result/6886575225/386524-MyoHead_60_G99Q_S121E,3,1,-131.1 +/- 4.3,31,5.1 +/- 0.1,-90.9 +/- 6.1,-419.9 +/- 35.7,14.5 +/- 5.9,293.7 +/- 69.0,2350.6 +/- 79.5,-1.3,/Users/yitongtseo/Documents/GitHub/ethical_necromancy/nanobody_llm_refinement/Haddock_results/MyoHead_60_G99Q_S121E_cluster1.pdb
MyoHead_60_G99Q_S121E,https://rascar.science.uu.nl/haddock2.4/result/6886575225/386524-MyoHead_60_G99Q_S121E,2,2,-123.9 +/- 3.0,31,5.5 +/- 0.7,-97.3 +/- 2.7,-363.8 +/- 23.3,18.0 +/- 0.9,281.9 +/- 40.8,2550.9 +/- 61.6,-1.0,/Users/yitongtseo/Documents/GitHub/ethical_necromancy/nanobody_llm_refinement/Haddock_results/MyoHead_60_G99Q_S121E_cluster2.pdb
MyoHead_60_G99Q_S121E,https://rascar.science.uu.nl/haddock2.4/result/6886575225/386524-MyoHead_60_G99Q_S121E,5,3,-103.7 +/- 3.5,16,11.9 +/- 0.1,-88.4 +/- 1.9,-260.4 +/- 16.6,2.3 +/- 1.8,344.3 +/- 37.5,2354.3 +/- 66.2,-0.0,/Users/yitongtseo/Documents/GitHub/ethical_necromancy/nanobody_llm_refinement/Haddock_results/MyoHead_60_G99Q_S121E_cluster3.pdb
MyoHead_60_G99Q_S121E,https://rascar.science.uu.nl/haddock2.4/result/6886575225/386524-MyoHead_60_G99Q_S121E,10,4,-102.2 +/- 17.5,4,5.0 +/- 0.7,-92.4 +/- 8.1,-309.9 +/- 57.7,15.8 +/- 1.5,364.6 +/- 61.4,2504.9 +/- 221.6,0.1,/Users/yitongtseo/Documents/GitHub/ethical_necromancy/nanobody_llm_refinement/Haddock_results/MyoHead_60_G99Q_S121E_cluster4.pdb
MyoHead_60_G99Q_S121E,https://rascar.science.uu.nl/haddock2.4/result/6886575225/386524-MyoHead_60_G99Q_S121E,7,5,-98.9 +/- 6.1,6,6.7 +/- 0.2,-91.4 +/- 6.0,-314.3 +/- 28.1,18.1 +/- 4.5,372.4 +/- 34.2,2587.5 +/- 88.2,0.2,/Users/yitongtseo/Documents/GitHub/ethical_necromancy/nanobody_llm_refinement/Haddock_results/MyoHead_60_G99Q_S121E_cluster5.pdb
MyoHead_60_L107T_G99D,https://rascar.science.uu.nl/haddock2.4/result/6886575225/386525-MyoHead_60_L107T_G99D,1,0,-127.2 +/- 2.4,42,0.5 +/- 0.3,-102.8 +/- 2.6,-284.9 +/- 15.7,17.3 +/- 1.8,152.1 +/- 19.9,2188.0 +/- 33.3,-2.2,/Users/yitongtseo/Documents/GitHub/ethical_necromancy/nanobody_llm_refinement/Haddock_results/MyoHead_60_L107T_G99D_cluster0.pdb
MyoHead_60_L107T_G99D,https://rascar.science.uu.nl/haddock2.4/result/6886575225/386525-MyoHead_60_L107T_G99D,6,1,-108.3 +/- 3.5,13,0.5 +/- 0.1,-90.7 +/- 8.0,-263.5 +/- 21.8,19.9 +/- 2.2,151.7 +/- 38.6,2088.0 +/- 76.1,-0.9,/Users/yitongtseo/Documents/GitHub/ethical_necromancy/nanobody_llm_refinement/Haddock_results/MyoHead_60_L107T_G99D_cluster1.pdb
MyoHead_60_L107T_G99D,https://rascar.science.uu.nl/haddock2.4/result/6886575225/386525-MyoHead_60_L107T_G99D,10,2,-101.7 +/- 12.5,6,3.2 +/- 0.1,-89.6 +/- 4.2,-230.7 +/- 52.1,18.8 +/- 2.7,152.4 +/- 19.6,2145.8 +/- 21.5,-0.5,/Users/yitongtseo/Documents/GitHub/ethical_necromancy/nanobody_llm_refinement/Haddock_results/MyoHead_60_L107T_G99D_cluster2.pdb
MyoHead_60_L107T_G99D,https://rascar.science.uu.nl/haddock2.4/result/6886575225/386525-MyoHead_60_L107T_G99D,9,3,-99.3 +/- 3.5,7,9.4 +/- 0.1,-87.8 +/- 2.2,-218.9 +/- 26.0,16.7 +/- 3.4,155.2 +/- 38.4,2137.5 +/- 85.7,-0.3,/Users/yitongtseo/Documents/GitHub/ethical_necromancy/nanobody_llm_refinement/Haddock_results/MyoHead_60_L107T_G99D_cluster3.pdb
MyoHead_60_L107T_G99D,https://rascar.science.uu.nl/haddock2.4/result/6886575225/386525-MyoHead_60_L107T_G99D,2,4,-92.9 +/- 3.8,33,2.8 +/- 0.5,-79.8 +/- 6.5,-233.7 +/- 38.7,15.9 +/- 3.6,176.6 +/- 15.8,1913.9 +/- 85.6,0.1,/Users/yitongtseo/Documents/GitHub/ethical_necromancy/nanobody_llm_refinement/Haddock_results/MyoHead_60_L107T_G99D_cluster4.pdb
MyoHead_60_L107T_G99D,https://rascar.science.uu.nl/haddock2.4/result/6886575225/386525-MyoHead_60_L107T_G99D,11,5,-90.1 +/- 11.2,6,2.8 +/- 0.3,-72.1 +/- 4.5,-253.2 +/- 42.8,17.8 +/- 2.1,148.1 +/- 27.5,1895.0 +/- 67.4,0.3,/Users/yitongtseo/Documents/GitHub/ethical_necromancy/nanobody_llm_refinement/Haddock_results/MyoHead_60_L107T_G99D_cluster5.pdb
MyoHead_60_V117Y_G99Q,https://rascar.science.uu.nl/haddock2.4/result/6886575225/386526-MyoHead_60_V117Y_G99Q,5,0,-94.8 +/- 7.1,18,0.3 +/- 0.2,-75.3 +/- 2.7,-299.5 +/- 24.3,22.0 +/- 3.2,184.0 +/- 49.7,1951.9 +/- 58.8,-1.4,/Users/yitongtseo/Documents/GitHub/ethical_necromancy/nanobody_llm_refinement/Haddock_results/MyoHead_60_V117Y_G99Q_cluster0.pdb
MyoHead_60_V117Y_G99Q,https://rascar.science.uu.nl/haddock2.4/result/6886575225/386526-MyoHead_60_V117Y_G99Q,1,1,-93.9 +/- 2.7,35,8.0 +/- 0.2,-87.8 +/- 2.4,-185.2 +/- 18.4,17.4 +/- 3.3,135.4 +/- 12.8,2030.7 +/- 25.3,-1.3,/Users/yitongtseo/Documents/GitHub/ethical_necromancy/nanobody_llm_refinement/Haddock_results/MyoHead_60_V117Y_G99Q_cluster1.pdb
MyoHead_60_V117Y_G99Q,https://rascar.science.uu.nl/haddock2.4/result/6886575225/386526-MyoHead_60_V117Y_G99Q,2,2,-88.3 +/- 3.0,30,4.6 +/- 0.4,-75.6 +/- 3.1,-152.2 +/- 31.1,4.1 +/- 2.4,136.3 +/- 25.2,2106.6 +/- 74.1,-0.8,/Users/yitongtseo/Documents/GitHub/ethical_necromancy/nanobody_llm_refinement/Haddock_results/MyoHead_60_V117Y_G99Q_cluster2.pdb
MyoHead_60_V117Y_G99Q,https://rascar.science.uu.nl/haddock2.4/result/6886575225/386526-MyoHead_60_V117Y_G99Q,4,3,-87.1 +/- 3.2,21,8.7 +/- 0.1,-72.6 +/- 3.3,-187.1 +/- 8.1,8.6 +/- 2.6,143.9 +/- 39.8,1910.8 +/- 42.2,-0.7,/Users/yitongtseo/Documents/GitHub/ethical_necromancy/nanobody_llm_refinement/Haddock_results/MyoHead_60_V117Y_G99Q_cluster3.pdb
MyoHead_60_V117Y_G99Q,https://rascar.science.uu.nl/haddock2.4/result/6886575225/386526-MyoHead_60_V117Y_G99Q,3,4,-86.1 +/- 0.4,24,7.9 +/- 0.1,-82.0 +/- 2.5,-174.6 +/- 23.4,15.4 +/- 1.3,153.8 +/- 55.0,1983.8 +/- 95.8,-0.6,/Users/yitongtseo/Documents/GitHub/ethical_necromancy/nanobody_llm_refinement/Haddock_results/MyoHead_60_V117Y_G99Q_cluster4.pdb
MyoHead_60_V117Y_G99Q,https://rascar.science.uu.nl/haddock2.4/result/6886575225/386526-MyoHead_60_V117Y_G99Q,9,5,-75.0 +/- 9.3,5,3.6 +/- 0.1,-75.0 +/- 10.4,-153.5 +/- 40.5,7.4 +/- 2.7,233.2 +/- 35.8,2015.6 +/- 283.6,0.5,/Users/yitongtseo/Documents/GitHub/ethical_necromancy/nanobody_llm_refinement/Haddock_results/MyoHead_60_V117Y_G99Q_cluster5.pdb
MyoHead_60_L113A_G99E,https://rascar.science.uu.nl/haddock2.4/result/6886575225/386527-MyoHead_60_L113A_G99E,4,0,-126.5 +/- 13.8,13,0.4 +/- 0.3,-96.3 +/- 5.6,-456.3 +/- 48.9,37.8 +/- 4.7,233.0 +/- 24.0,2634.7 +/- 56.5,-1.4,/Users/yitongtseo/Documents/GitHub/ethical_necromancy/nanobody_llm_refinement/Haddock_results/MyoHead_60_L113A_G99E_cluster0.pdb
MyoHead_60_L113A_G99E,https://rascar.science.uu.nl/haddock2.4/result/6886575225/386527-MyoHead_60_L113A_G99E,6,1,-125.8 +/- 11.9,9,8.8 +/- 0.1,-114.3 +/- 9.0,-236.3 +/- 8.8,8.3 +/- 0.9,274.7 +/- 72.6,2628.3 +/- 102.1,-1.4,/Users/yitongtseo/Documents/GitHub/ethical_necromancy/nanobody_llm_refinement/Haddock_results/MyoHead_60_L113A_G99E_cluster1.pdb
MyoHead_60_L113A_G99E,https://rascar.science.uu.nl/haddock2.4/result/6886575225/386527-MyoHead_60_L113A_G99E,9,2,-117.6 +/- 6.8,8,9.1 +/- 0.1,-109.7 +/- 1.5,-292.5 +/- 9.1,25.5 +/- 2.4,251.0 +/- 35.2,2594.7 +/- 72.5,-0.9,/Users/yitongtseo/Documents/GitHub/ethical_necromancy/nanobody_llm_refinement/Haddock_results/MyoHead_60_L113A_G99E_cluster2.pdb
MyoHead_60_L113A_G99E,https://rascar.science.uu.nl/haddock2.4/result/6886575225/386527-MyoHead_60_L113A_G99E,1,3,-109.7 +/- 12.7,27,10.9 +/- 0.1,-105.6 +/- 5.2,-274.2 +/- 28.0,19.5 +/- 3.8,312.9 +/- 66.0,2419.4 +/- 51.9,-0.5,/Users/yitongtseo/Documents/GitHub/ethical_necromancy/nanobody_llm_refinement/Haddock_results/MyoHead_60_L113A_G99E_cluster3.pdb
MyoHead_60_L113A_G99E,https://rascar.science.uu.nl/haddock2.4/result/6886575225/386527-MyoHead_60_L113A_G99E,10,4,-107.9 +/- 6.5,7,5.9 +/- 0.2,-86.8 +/- 4.2,-337.5 +/- 14.8,24.1 +/- 4.7,222.6 +/- 4.6,2324.7 +/- 111.8,-0.4,/Users/yitongtseo/Documents/GitHub/ethical_necromancy/nanobody_llm_refinement/Haddock_results/MyoHead_60_L113A_G99E_cluster4.pdb
MyoHead_60_L113A_G99E,https://rascar.science.uu.nl/haddock2.4/result/6886575225/386527-MyoHead_60_L113A_G99E,2,5,-98.3 +/- 4.0,21,11.0 +/- 0.1,-94.2 +/- 4.4,-289.9 +/- 19.9,19.8 +/- 1.6,341.4 +/- 26.6,2383.8 +/- 79.1,0.1,/Users/yitongtseo/Documents/GitHub/ethical_necromancy/nanobody_llm_refinement/Haddock_results/MyoHead_60_L113A_G99E_cluster5.pdb
MyoHead_60_G99E_S121E,https://rascar.science.uu.nl/haddock2.4/result/6886575225/386528-MyoHead_60_G99E_S121E,3,0,-101.5 +/- 6.5,17,0.4 +/- 0.2,-85.4 +/- 4.7,-282.7 +/- 54.1,17.8 +/- 4.8,225.5 +/- 29.7,2030.0 +/- 30.6,-1.6,/Users/yitongtseo/Documents/GitHub/ethical_necromancy/nanobody_llm_refinement/Haddock_results/MyoHead_60_G99E_S121E_cluster0.pdb
MyoHead_60_G99E_S121E,https://rascar.science.uu.nl/haddock2.4/result/6886575225/386528-MyoHead_60_G99E_S121E,1,1,-100.4 +/- 5.1,39,7.8 +/- 0.3,-75.2 +/- 1.7,-319.0 +/- 28.9,15.6 +/- 6.0,229.9 +/- 30.4,1964.7 +/- 87.6,-1.5,/Users/yitongtseo/Documents/GitHub/ethical_necromancy/nanobody_llm_refinement/Haddock_results/MyoHead_60_G99E_S121E_cluster1.pdb
MyoHead_60_G99E_S121E,https://rascar.science.uu.nl/haddock2.4/result/6886575225/386528-MyoHead_60_G99E_S121E,2,2,-90.4 +/- 9.6,19,9.6 +/- 0.2,-77.4 +/- 4.7,-284.9 +/- 22.9,15.8 +/- 2.2,282.2 +/- 69.2,2068.0 +/- 132.3,-0.4,/Users/yitongtseo/Documents/GitHub/ethical_necromancy/nanobody_llm_refinement/Haddock_results/MyoHead_60_G99E_S121E_cluster2.pdb
MyoHead_60_G99E_S121E,https://rascar.science.uu.nl/haddock2.4/result/6886575225/386528-MyoHead_60_G99E_S121E,8,3,-90.4 +/- 7.9,10,4.4 +/- 0.2,-74.8 +/- 2.7,-288.4 +/- 14.0,23.6 +/- 2.8,184.6 +/- 22.7,1928.1 +/- 93.0,-0.4,/Users/yitongtseo/Documents/GitHub/ethical_necromancy/nanobody_llm_refinement/Haddock_results/MyoHead_60_G99E_S121E_cluster3.pdb
MyoHead_60_G99E_S121E,https://rascar.science.uu.nl/haddock2.4/result/6886575225/386528-MyoHead_60_G99E_S121E,7,4,-89.6 +/- 3.2,11,1.7 +/- 0.1,-79.7 +/- 5.3,-291.4 +/- 24.9,26.5 +/- 2.1,218.3 +/- 50.9,2010.9 +/- 38.0,-0.3,/Users/yitongtseo/Documents/GitHub/ethical_necromancy/nanobody_llm_refinement/Haddock_results/MyoHead_60_G99E_S121E_cluster4.pdb
MyoHead_60_G99E_S121E,https://rascar.science.uu.nl/haddock2.4/result/6886575225/386528-MyoHead_60_G99E_S121E,9,5,-87.8 +/- 5.8,10,8.3 +/- 0.1,-75.0 +/- 2.2,-309.4 +/- 24.5,28.2 +/- 4.5,208.8 +/- 53.3,1825.1 +/- 80.8,-0.1,/Users/yitongtseo/Documents/GitHub/ethical_necromancy/nanobody_llm_refinement/Haddock_results/MyoHead_60_G99E_S121E_cluster5.pdb
MyoHead_60_G99Q_None,https://rascar.science.uu.nl/haddock2.4/result/6886575225/386529-MyoHead_60_G99Q_None,4,0,-128.8 +/- 7.1,20,0.4 +/- 0.2,-108.0 +/- 1.8,-397.9 +/- 49.6,30.2 +/- 4.4,286.4 +/- 15.1,2474.3 +/- 91.5,-2.2,/Users/yitongtseo/Documents/GitHub/ethical_necromancy/nanobody_llm_refinement/Haddock_results/MyoHead_60_G99Q_None_cluster0.pdb
MyoHead_60_G99Q_None,https://rascar.science.uu.nl/haddock2.4/result/6886575225/386529-MyoHead_60_G99Q_None,1,1,-117.4 +/- 7.9,38,8.5 +/- 0.1,-95.0 +/- 2.1,-362.9 +/- 38.9,27.4 +/- 2.0,227.4 +/- 30.5,2378.2 +/- 141.5,-1.4,/Users/yitongtseo/Documents/GitHub/ethical_necromancy/nanobody_llm_refinement/Haddock_results/MyoHead_60_G99Q_None_cluster1.pdb
MyoHead_60_G99Q_None,https://rascar.science.uu.nl/haddock2.4/result/6886575225/386529-MyoHead_60_G99Q_None,2,2,-99.2 +/- 1.8,33,6.4 +/- 0.2,-85.5 +/- 3.4,-304.2 +/- 28.0,16.4 +/- 3.2,307.1 +/- 41.9,2235.6 +/- 94.2,-0.2,/Users/yitongtseo/Documents/GitHub/ethical_necromancy/nanobody_llm_refinement/Haddock_results/MyoHead_60_G99Q_None_cluster2.pdb
MyoHead_60_G99Q_None,https://rascar.science.uu.nl/haddock2.4/result/6886575225/386529-MyoHead_60_G99Q_None,6,3,-98.1 +/- 5.9,14,8.7 +/- 0.1,-98.0 +/- 9.7,-247.7 +/- 30.8,19.6 +/- 4.0,298.5 +/- 26.7,2350.6 +/- 110.6,-0.2,/Users/yitongtseo/Documents/GitHub/ethical_necromancy/nanobody_llm_refinement/Haddock_results/MyoHead_60_G99Q_None_cluster3.pdb
MyoHead_60_G99Q_None,https://rascar.science.uu.nl/haddock2.4/result/6886575225/386529-MyoHead_60_G99Q_None,7,4,-90.0 +/- 6.4,10,9.6 +/- 0.1,-88.4 +/- 5.8,-326.5 +/- 36.0,35.3 +/- 1.9,283.8 +/- 66.8,2320.5 +/- 74.2,0.4,/Users/yitongtseo/Documents/GitHub/ethical_necromancy/nanobody_llm_refinement/Haddock_results/MyoHead_60_G99Q_None_cluster4.pdb
MyoHead_60_G99Q_None,https://rascar.science.uu.nl/haddock2.4/result/6886575225/386529-MyoHead_60_G99Q_None,3,5,-87.7 +/- 2.3,23,9.4 +/- 0.1,-74.1 +/- 5.5,-329.4 +/- 23.5,20.9 +/- 4.6,313.6 +/- 54.6,1678.5 +/- 37.6,0.5,/Users/yitongtseo/Documents/GitHub/ethical_necromancy/nanobody_llm_refinement/Haddock_results/MyoHead_60_G99Q_None_cluster5.pdb
MyoHead_60_L107T_G99E,https://rascar.science.uu.nl/haddock2.4/result/6886575225/386530-MyoHead_60_L107T_G99E,1,0,-131.7 +/- 5.7,34,0.3 +/- 0.2,-100.9 +/- 6.0,-324.2 +/- 13.4,19.8 +/- 3.4,142.9 +/- 51.9,2243.5 +/- 59.0,-2.1,/Users/yitongtseo/Documents/GitHub/ethical_necromancy/nanobody_llm_refinement/Haddock_results/MyoHead_60_L107T_G99E_cluster0.pdb
MyoHead_60_L107T_G99E,https://rascar.science.uu.nl/haddock2.4/result/6886575225/386530-MyoHead_60_L107T_G99E,2,1,-115.3 +/- 5.0,30,2.8 +/- 0.3,-91.7 +/- 3.7,-280.3 +/- 28.5,15.4 +/- 5.2,170.2 +/- 32.0,2144.3 +/- 103.3,-1.2,/Users/yitongtseo/Documents/GitHub/ethical_necromancy/nanobody_llm_refinement/Haddock_results/MyoHead_60_L107T_G99E_cluster1.pdb
MyoHead_60_L107T_G99E,https://rascar.science.uu.nl/haddock2.4/result/6886575225/386530-MyoHead_60_L107T_G99E,7,2,-102.2 +/- 7.6,10,9.6 +/- 0.0,-88.9 +/- 6.7,-239.0 +/- 20.3,14.6 +/- 5.3,198.9 +/- 45.8,2202.7 +/- 96.8,-0.5,/Users/yitongtseo/Documents/GitHub/ethical_necromancy/nanobody_llm_refinement/Haddock_results/MyoHead_60_L107T_G99E_cluster2.pdb
MyoHead_60_L107T_G99E,https://rascar.science.uu.nl/haddock2.4/result/6886575225/386530-MyoHead_60_L107T_G99E,10,3,-96.0 +/- 6.5,7,9.6 +/- 0.1,-81.0 +/- 5.3,-243.4 +/- 58.3,16.3 +/- 1.8,173.4 +/- 28.4,2301.0 +/- 54.8,-0.1,/Users/yitongtseo/Documents/GitHub/ethical_necromancy/nanobody_llm_refinement/Haddock_results/MyoHead_60_L107T_G99E_cluster3.pdb
MyoHead_60_L107T_G99E,https://rascar.science.uu.nl/haddock2.4/result/6886575225/386530-MyoHead_60_L107T_G99E,3,4,-92.2 +/- 2.5,25,2.8 +/- 0.2,-83.7 +/- 4.5,-225.6 +/- 30.9,20.0 +/- 2.0,166.3 +/- 38.3,2011.0 +/- 53.1,0.1,/Users/yitongtseo/Documents/GitHub/ethical_necromancy/nanobody_llm_refinement/Haddock_results/MyoHead_60_L107T_G99E_cluster4.pdb
MyoHead_60_L107T_G99E,https://rascar.science.uu.nl/haddock2.4/result/6886575225/386530-MyoHead_60_L107T_G99E,8,5,-87.3 +/- 3.6,9,3.3 +/- 0.3,-76.8 +/- 4.1,-183.3 +/- 18.4,9.3 +/- 3.4,168.4 +/- 31.0,1950.3 +/- 112.2,0.3,/Users/yitongtseo/Documents/GitHub/ethical_necromancy/nanobody_llm_refinement/Haddock_results/MyoHead_60_L107T_G99E_cluster5.pdb
